#,Naam,Buy order,Sell offer,Profit/item,Margin,Buy vol/wk,Sell vol/wk,Min vol/wk,Score
1,Enchantment Execute 6,25.14M,270.00M,241.49M,90.7%,149,80,80,0.693
2,Busted Belt Buckle,64.3K,471.1K,400.9K,86.3%,29.7K,25.0K,25.0K,0.687
3,Coal,4,83,77,94.1%,30.16M,487.93M,30.16M,0.671
4,Enchanted Snow Block,208,580,364,64.1%,12.88M,81.32M,12.88M,0.667
5,Shard Cropeetle,6.2K,476.3K,464.1K,98.7%,40.2K,5.3K,5.3K,0.661
6,Fish Bait,140,668,519,79.0%,4.50M,4.90M,4.50M,0.660
7,Winter Fragment,1.00M,5.46M,4.39M,81.7%,1.2K,747,747,0.655
8,Corrupt Soil,234.6K,772.8K,528.6K,69.6%,12.6K,6.5K,6.5K,0.652
9,Shard Draconic,189.1K,367.6K,173.8K,48.5%,38.5K,36.7K,36.7K,0.651
10,Enchantment Strong Mana 4,838.7K,10.00M,9.04M,91.6%,251,311,251,0.651
11,Superior Fragment,139.4K,245.9K,103.4K,43.3%,47.8K,72.5K,47.8K,0.641
12,Shard Kraken,184.0K,285.8K,98.3K,35.6%,96.1K,74.0K,74.0K,0.641
13,Shard Bambuleaf,55.7K,130.0K,72.6K,57.1%,53.6K,34.4K,34.4K,0.639
14,Gloomgourd,1.2K,3.9K,2.7K,69.0%,447.7K,566.4K,447.7K,0.637
15,Glasscorn,1.50M,6.35M,4.77M,76.4%,578,307,307,0.634
16,Enchantment Luck 6,20.0K,452.0K,426.3K,95.6%,2.9K,1.8K,1.8K,0.634
17,Tessellated Ender Pearl,714.9K,4.60M,3.83M,84.5%,1.3K,302,302,0.634
18,Glowy Chum Bait,600,12.0K,11.2K,95.0%,86.5K,50.1K,50.1K,0.632
19,Shard Lava Flame,18.2K,63.6K,44.6K,71.3%,49.9K,25.1K,25.1K,0.632
20,Shard Hideongift,4.3K,500.0K,489.4K,99.1%,9.9K,1.3K,1.3K,0.631
21,Shard Voracious Spider,3.6K,20.0K,16.2K,82.1%,77.9K,43.9K,43.9K,0.630
22,Enchanted Lush Berberis,1.1K,3.3K,2.2K,66.8%,426.5K,766.9K,426.5K,0.630
23,Enchantment Harvesting 6,2.80M,3.66M,816.7K,23.5%,14.2K,21.6K,14.2K,0.629
24,Titanium Ore,96,709,604,86.4%,769.9K,92.79M,769.9K,0.628
25,Fine Opal Gem,2.7K,28.6K,25.5K,90.6%,21.5K,43.6K,21.5K,0.628
26,Shard Mudworm,56.5K,116.0K,58.1K,51.3%,45.7K,30.7K,30.7K,0.627
27,Golden Bounty,22.04M,60.00M,37.21M,63.3%,147,49,49,0.627
28,Pet Cake,15.0K,152.6K,135.7K,90.2%,4.3K,8.4K,4.3K,0.627
29,Titanic Exp Bottle,440.1K,592.0K,144.5K,25.7%,197.7K,51.1K,51.1K,0.626
30,Enchantment Green Thumb 4,3.89M,22.22M,18.05M,82.5%,235,52,52,0.626
31,Shard Abyssal Lantern,17.3K,107.8K,89.2K,84.0%,29.3K,6.9K,6.9K,0.625
32,Nurse Shark Tooth,9.6K,40.0K,29.9K,76.1%,49.7K,22.3K,22.3K,0.624
33,Choconut,1.3K,4.7K,3.4K,73.4%,186.2K,180.2K,180.2K,0.624
34,Strong Fragment,33.0K,59.2K,25.5K,44.2%,76.6K,96.1K,76.6K,0.624
35,Thunderling,900.0K,2.58M,1.64M,65.1%,3.2K,704,704,0.623
36,Shard Soul Of The Alpha,7.0K,41.2K,33.6K,82.9%,49.2K,15.6K,15.6K,0.623
37,Ink Sack:3,1,12,11,92.2%,20.41M,60.94M,20.41M,0.623
38,Shard Newt,105.2K,225.2K,117.2K,53.3%,56.1K,12.0K,12.0K,0.623
39,Enchanted Sand,884,1.7K,783,47.6%,1.63M,1.56M,1.56M,0.622
40,Wither Blood,1.30M,2.20M,876.1K,41.1%,2.9K,3.2K,2.9K,0.621
41,Full Chum Bucket,584,12.5K,11.8K,95.3%,52.3K,28.0K,28.0K,0.620
42,Shard Lord Jawbus,101.1K,362.2K,256.6K,72.1%,4.9K,2.8K,2.8K,0.620
43,Inferno Vertex,265.0K,561.3K,289.3K,52.8%,11.8K,4.6K,4.6K,0.620
44,Nether Stalk,0,13,12,97.0%,14.69M,252.00M,14.69M,0.620
45,Witherbloom,1.8K,5.7K,3.8K,68.5%,149.6K,166.2K,149.6K,0.620
46,Pumpkin Guts,300.0K,522.8K,216.3K,42.6%,9.9K,9.2K,9.2K,0.619
47,Ender Monocle,4.6K,42.0K,36.9K,89.1%,12.2K,10.3K,10.3K,0.619
48,Melon Block,28,349,317,91.9%,1.75M,793.3K,793.3K,0.618
49,Shadevine,1.4K,9.2K,7.7K,84.5%,46.8K,57.1K,46.8K,0.618
50,Rabbit,12,88,74,85.6%,3.34M,4.83M,3.34M,0.617
51,Double Plant,0,9,8,91.8%,21.06M,231.98M,21.06M,0.617
52,Carrot Item,0,8,7,92.8%,23.41M,128.13M,23.41M,0.617
53,Burrowing Spores,253.0K,542.4K,282.6K,53.4%,6.7K,4.1K,4.1K,0.617
54,Scorched Books,12.6K,89.4K,75.7K,85.9%,7.0K,5.1K,5.1K,0.616
55,Shard Salmon,2.6K,5.2K,2.5K,49.2%,498.2K,375.8K,375.8K,0.616
56,Enchanted Magma Cream,844,1.7K,817,49.8%,1.03M,1.33M,1.03M,0.616
57,Terry Snowglobe,672,1.73M,1.71M,100.0%,1.9K,201,201,0.616
58,Enchanted Jungle Log,732,1.3K,548,43.5%,1.95M,2.01M,1.95M,0.616
59,Rekindled Ember Fragment,54.9K,131.2K,74.6K,58.2%,10.8K,10.8K,10.8K,0.615
60,Pet Item Tier Boost Drop,74.00M,159.00M,83.01M,53.5%,23,19,19,0.615
61,Inflatable Jerry,405,7.0K,6.5K,94.2%,38.4K,901.0K,38.4K,0.615
62,Essence Spider,1.1K,1.6K,435,28.6%,5.43M,6.56M,5.43M,0.615
63,Enchantment Transylvanian 5,134.5K,749.3K,605.4K,82.1%,3.6K,722,722,0.614
64,Scourroot,1.2K,6.9K,5.7K,82.7%,54.5K,68.6K,54.5K,0.614
65,Plantboy Advance,3.41M,8.00M,4.49M,57.4%,759,230,230,0.613
66,Enchantment Thunderlord 7,2.74M,5.27M,2.46M,48.0%,904,577,577,0.613
67,Enchantment Green Thumb 1,1.78M,2.22M,412.1K,19.8%,28.5K,18.4K,18.4K,0.613
68,Troubled Bubble,1.00M,6.67M,5.58M,85.0%,157,82,82,0.613
69,Digested Mushrooms,8.3K,16.1K,7.6K,48.6%,117.4K,158.1K,117.4K,0.613
70,Stock Of Stonks,2.07M,2.42M,318.4K,14.4%,43.9K,60.0K,43.9K,0.612
71,Enchantment Lethality 6,36,62.7K,61.9K,99.9%,3.7K,4.6K,3.7K,0.612
72,Null Sphere,503,848,334,40.7%,2.91M,35.56M,2.91M,0.611
73,Golden Powder,12.0K,100.0K,86.7K,88.0%,3.4K,5.3K,3.4K,0.611
74,Enchanted Rabbit,2.7K,3.8K,1.0K,28.1%,2.19M,2.30M,2.19M,0.611
75,Wild Rose,0,9,9,99.0%,12.68M,157.30M,12.68M,0.611
76,Whale Bait,3.2K,4.4K,1.2K,28.0%,3.42M,1.89M,1.89M,0.611
77,Sugar Cane,1,10,8,86.0%,18.62M,135.86M,18.62M,0.611
78,Shard Lumisquid,57.5K,124.1K,65.0K,53.7%,21.8K,11.8K,11.8K,0.610
79,Enchantment Scavenger 5,38.0K,352.6K,310.2K,89.2%,2.5K,970,970,0.610
80,Potato Item,0,7,6,92.1%,18.93M,105.55M,18.93M,0.610
81,Blue Shark Tooth,16.0K,47.9K,31.3K,66.5%,25.4K,13.9K,13.9K,0.609
82,Furball,2,30.0K,29.6K,100.0%,11.2K,6.2K,6.2K,0.608
83,Tender Wood,175,452,271,61.2%,1.33M,13.33M,1.33M,0.608
84,Enchanted Spruce Log,293,799,495,63.2%,708.6K,1.36M,708.6K,0.608
85,Shard Zombie Soldier,5.8K,11.2K,5.3K,48.1%,137.1K,154.2K,137.1K,0.608
86,Seeds,0,3,2,82.1%,48.39M,758.11M,48.39M,0.608
87,Noctilume,1.21M,2.30M,1.06M,47.6%,4.2K,990,990,0.607
88,Worm Bait,780,4.7K,3.8K,83.3%,133.4K,58.1K,58.1K,0.607
89,Shard Quartzfang,78.9K,199.4K,118.1K,60.5%,22.1K,4.5K,4.5K,0.607
90,Mana Disintegrator,1.7K,24.2K,22.2K,93.0%,15.6K,8.8K,8.8K,0.607
91,Shard Invisibug,22.7K,28.5K,5.5K,20.4%,748.8K,723.4K,723.4K,0.606
92,Horseman Candle,368.6K,726.5K,348.8K,49.3%,3.1K,2.5K,2.5K,0.606
93,Shard Coralot,68.0K,91.1K,21.9K,25.3%,176.9K,124.3K,124.3K,0.606
94,Shard Bruiser,7.8K,14.2K,6.3K,45.2%,158.5K,121.3K,121.3K,0.606
95,Shard Kada Knight,4.4K,15.0K,10.4K,70.9%,70.8K,29.2K,29.2K,0.605
96,Raw Chicken,15,75,59,79.6%,2.79M,4.11M,2.79M,0.605
97,Enchantment Strong Mana 5,2.16M,2.95M,752.5K,26.8%,5.5K,4.0K,4.0K,0.605
98,Creambloom,211.5K,380.0K,163.8K,44.4%,20.7K,5.8K,5.8K,0.605
99,Wet Book,150.0K,326.2K,172.2K,54.0%,4.5K,3.7K,3.7K,0.605
100,Weak Wolf Catalyst,90.0K,483.2K,387.1K,81.4%,732,1.1K,732,0.604
101,Enchantment Ferocious Mana 5,280.0K,519.2K,232.7K,46.1%,3.7K,4.3K,3.7K,0.604
102,Mycel,2,29,27,92.2%,4.03M,14.01M,4.03M,0.604
103,Shard Birries,2.7K,6.0K,3.2K,55.1%,164.6K,134.9K,134.9K,0.604
104,Dark Orb,72.5K,170.4K,95.8K,57.5%,5.3K,6.7K,5.3K,0.604
105,Shard Yog,20.0K,49.8K,29.2K,59.9%,43.3K,14.2K,14.2K,0.603
106,Ghast Tear,50,253,200,80.2%,834.7K,796.6K,796.6K,0.603
107,Hot Bait,51,199,146,74.4%,1.54M,1.23M,1.23M,0.603
108,Spooky Bait,0,529,522,99.9%,647.7K,205.1K,205.1K,0.602
109,Reheated Gummy Polar Bear,178.5K,550.0K,364.6K,67.5%,12.5K,1.0K,1.0K,0.602
110,Slime Ball,39,59,20,34.8%,36.41M,40.38M,36.41M,0.602
111,Medium Enchanted Chest,1.3K,16.8K,15.3K,92.2%,16.9K,10.1K,10.1K,0.602
112,Beating Heart,1.1K,13.6K,12.3K,92.1%,12.3K,12.7K,12.3K,0.602
113,Shard Endstone Protector,345.8K,533.2K,180.7K,35.1%,7.5K,7.3K,7.3K,0.601
114,Enchanted Raw Chicken,543,899,344,39.6%,1.89M,4.73M,1.89M,0.601
115,Super Magic Mushroom Soup,6.5K,19.9K,13.2K,67.5%,103.4K,21.3K,21.3K,0.601
116,Enchantment Ultimate Chimera 3,50.00M,199.00M,146.51M,74.9%,21,3,3,0.601
117,Duskbloom,544.0K,850.0K,295.4K,36.0%,25.3K,4.3K,4.3K,0.601
118,Chyme,400.0K,4.00M,3.55M,90.0%,203,64,64,0.600
119,Flawless Sapphire Gem,2.32M,3.00M,644.0K,22.7%,14.2K,5.2K,5.2K,0.600
120,Magma Cream Distillate,3.8K,76.1K,71.3K,95.0%,4.1K,2.1K,2.1K,0.600
121,Jerry Box Purple,88.9K,265.3K,173.1K,66.5%,6.4K,2.0K,2.0K,0.600
122,Enchantment Growth 6,3.17M,4.29M,1.07M,26.1%,5.3K,2.4K,2.4K,0.600
123,Golden Plate,1.19M,1.53M,315.0K,21.9%,17.3K,10.7K,10.7K,0.600
124,Raw Soulflow,203,535,324,61.9%,751.7K,1.24M,751.7K,0.600
125,Enchantment Piscary 6,563.0K,3.58M,2.97M,84.3%,570,82,82,0.599
126,Enchantment Critical 6,1.0K,52.8K,51.2K,98.1%,4.6K,2.6K,2.6K,0.599
127,Magmag,23,1.8K,1.7K,98.7%,58.1K,70.9K,58.1K,0.599
128,Shard Ent,1.9K,8.9K,6.9K,78.2%,80.8K,26.0K,26.0K,0.599
129,Pork,47,160,110,70.1%,1.49M,2.61M,1.49M,0.598
130,Hemobomb,142.0K,272.5K,127.1K,47.9%,6.9K,4.7K,4.7K,0.598
131,Mangrove Gem,51.1K,356.8K,301.2K,85.7%,5.5K,632,632,0.598
132,Shard Strider Surfer,2.8K,9.0K,6.1K,69.3%,75.6K,36.1K,36.1K,0.598
133,Calcified Heart,14.0K,67.7K,52.9K,79.3%,4.0K,3.7K,3.7K,0.598
134,Shard King Minos,425.0K,1.65M,1.20M,74.2%,3.5K,231,231,0.598
135,Wise Fragment,30.3K,46.1K,15.2K,34.3%,64.7K,93.2K,64.7K,0.598
136,Enchantment Ultimate Fatal Tempo 2,600.0K,220.00M,216.65M,99.7%,0,0,0,0.598
137,Fine Flour,4.5K,7.1K,2.5K,36.6%,354.0K,293.8K,293.8K,0.597
138,Flawless Topaz Gem,1.60M,2.35M,727.2K,32.2%,3.5K,2.0K,2.0K,0.597
139,Enchantment Pesterminator 2,7.6K,500.0K,486.2K,98.5%,295,290,290,0.597
140,Goblin Egg Green,5.5K,10.0K,4.4K,45.2%,112.2K,216.6K,112.2K,0.597
141,Soggybud,55.9K,101.9K,44.7K,45.1%,27.7K,13.0K,13.0K,0.597
142,Enchantment Paleontologist 1,128.6K,282.8K,150.6K,54.5%,2.9K,3.4K,2.9K,0.597
143,Ice Hunk,379,1.0K,630,62.9%,343.2K,1.31M,343.2K,0.597
144,Shard Magma Slug,2.3K,7.7K,5.3K,70.1%,71.7K,37.8K,37.8K,0.597
145,Shard Hideonbox,1.30M,2.35M,1.02M,44.6%,3.1K,719,719,0.596
146,Lava Shell,175.7K,361.2K,181.1K,51.4%,2.7K,2.9K,2.7K,0.596
147,Glacite Shard,6.3K,54.1K,47.2K,88.4%,4.2K,3.0K,3.0K,0.596
148,Spirit Decoy,758.5K,1.76M,978.4K,56.9%,883,450,450,0.596
149,Enchantment Reflection 1,64.1K,530.0K,459.3K,87.9%,633,371,371,0.596
150,Flowering Bouquet,10.5K,40.7K,29.7K,74.2%,6.6K,18.2K,6.6K,0.596
151,Half Eaten Mushroom,1.4K,2.4K,1.0K,43.9%,438.0K,646.9K,438.0K,0.596
152,Honey Jar,11.3K,15.5K,4.0K,27.1%,330.5K,403.8K,330.5K,0.596
153,Shard Toad,2.9K,113.5K,109.1K,97.4%,10.1K,1.1K,1.1K,0.595
154,Magic Jellybean,17.7K,69.0K,50.4K,74.3%,10.0K,3.9K,3.9K,0.595
155,Enchantment Turbo Mushrooms 1,2,14.6K,14.4K,100.0%,6.8K,14.2K,6.8K,0.595
156,Enchanted Clay Ball,438,692,245,36.6%,2.35M,5.88M,2.35M,0.595
157,Log:3,2,19,17,87.0%,4.65M,9.90M,4.65M,0.595
158,Dungeon Chest Key,389.4K,524.9K,128.9K,25.8%,14.1K,14.6K,14.1K,0.595
159,Large Pig Ear,1.00M,2.50M,1.47M,60.0%,375,260,260,0.595
160,Magma Chunk,341,1.1K,747,69.0%,221.9K,812.3K,221.9K,0.595
161,Control Switch,167.0K,256.6K,86.3K,34.9%,10.9K,32.3K,10.9K,0.595
162,Enchantment Turbo Warts 1,54,20.0K,19.7K,99.7%,5.0K,13.8K,5.0K,0.595
163,Kada Lead,10.4K,16.0K,5.4K,34.8%,168.8K,145.2K,145.2K,0.595
164,Ashwreath,1.2K,2.1K,899,43.5%,477.9K,1.05M,477.9K,0.595
165,Twilight Arrow Poison,1.3K,2.0K,700,36.4%,1.21M,867.4K,867.4K,0.595
166,Compact Ooze,27.6K,63.0K,34.6K,56.2%,9.4K,10.5K,9.4K,0.594
167,Enchantment Green Thumb 2,1.59M,5.80M,4.14M,72.6%,513,65,65,0.594
168,Enchantment Venomous 6,100.3K,295.4K,191.4K,66.0%,3.3K,1.4K,1.4K,0.594
169,Dragon Horn,5.63M,8.13M,2.39M,30.7%,1.2K,634,634,0.594
170,Cindershade,327.4K,500.0K,166.3K,34.5%,25.1K,5.9K,5.9K,0.594
171,Necromancer Brooch,303,12.0K,11.5K,97.5%,8.3K,8.2K,8.2K,0.594
172,Enchantment Ultimate One For All 1,1.10M,1.89M,769.3K,41.9%,966,936,936,0.594
173,Reaper Pepper,10.81M,22.52M,11.42M,52.0%,236,49,49,0.594
174,Emerald,0,8,8,94.3%,7.30M,48.19M,7.30M,0.593
175,Shard Sylvan,98.0K,195.9K,95.5K,50.0%,16.0K,4.4K,4.4K,0.593
176,Log 2:1,1,31,30,96.8%,2.03M,11.20M,2.03M,0.593
177,Exportable Carrots,10.0K,13.8K,3.6K,27.5%,314.4K,321.1K,314.4K,0.593
178,Enchantment Smite 6,5.5K,55.9K,49.7K,90.2%,3.8K,2.4K,2.4K,0.593
179,Budget Hopper,2.4K,40.0K,37.0K,93.9%,4.5K,2.9K,2.9K,0.593
180,Turtlellini,63.6K,109.1K,44.1K,41.6%,12.9K,24.6K,12.9K,0.593
181,Pumpkin,5,17,12,71.2%,8.45M,125.07M,8.45M,0.593
182,Enchantment Ultimate Inferno 4,1.20M,175.00M,171.61M,99.3%,0,0,0,0.593
183,Hyper Catalyst,125.2K,170.6K,43.3K,26.6%,84.8K,32.8K,32.8K,0.593
184,Shiny Prism,20.0K,360.2K,335.7K,94.4%,1.3K,356,356,0.592
185,Metaphysical Serum,71.0K,183.0K,109.7K,61.2%,4.1K,2.4K,2.4K,0.592
186,Enchantment Turbo Moonflower 1,236.7K,414.6K,172.7K,42.9%,3.3K,7.1K,3.3K,0.592
187,Enchanted Mutton,858,1.2K,317,27.9%,2.82M,2.80M,2.80M,0.592
188,Ink Sack,1.3K,2.6K,1.3K,51.5%,212.1K,5.79M,212.1K,0.592
189,Enchanted Acacia Log,1.1K,1.7K,525,32.7%,1.26M,2.54M,1.26M,0.592
190,Enchanted Compost,2.53M,3.13M,554.2K,19.0%,46.9K,6.0K,6.0K,0.592
191,Shard Wyvern,173.6K,516.0K,336.0K,66.4%,5.9K,720,720,0.592
192,Enchantment Ultimate Swarm 1,456.9K,648.0K,183.0K,29.5%,6.6K,21.1K,6.6K,0.592
193,Agarimoo Tongue,8.0K,12.0K,3.8K,33.0%,188.7K,198.5K,188.7K,0.591
194,Enchantment Strong Mana 7,1.38M,16.04M,14.46M,91.4%,105,11,11,0.591
195,Wither Soul,447,2.1K,1.6K,78.6%,69.6K,94.0K,69.6K,0.591
196,Holy Fragment,8.7K,12.0K,3.1K,27.3%,327.2K,880.9K,327.2K,0.590
197,Exalted Lushlilac Bonbon,3.0K,500.0K,490.7K,99.4%,3.6K,208,208,0.590
198,Enchantment Syphon 4,209.0K,450.0K,235.4K,53.6%,3.0K,1.5K,1.5K,0.590
199,Ascension Rope,16,366,346,95.6%,190.2K,810.0K,190.2K,0.590
200,Supreme Chocolate Bar,26,192,164,86.4%,530.3K,466.8K,466.8K,0.590
201,Enchantment Looting 4,13.7K,74.0K,59.4K,81.5%,4.7K,2.2K,2.2K,0.590
202,Can Of Worms,12.6K,19.2K,6.3K,34.3%,103.7K,122.8K,103.7K,0.590
203,Quartz,1,22,20,94.6%,2.63M,19.38M,2.63M,0.590
204,Enchantment Life Steal 4,1.2K,100.0K,97.5K,98.8%,1.7K,928,928,0.590
205,Enchantment Ultimate Inferno 5,10.00M,180.00M,167.75M,94.4%,1,0,0,0.590
206,Dark Bait,334,2.0K,1.7K,83.7%,56.0K,141.8K,56.0K,0.590
207,Lonelily,3.5K,7.1K,3.5K,50.6%,79.7K,93.9K,79.7K,0.590
208,Redstone,1,8,6,76.7%,11.93M,175.57M,11.93M,0.590
209,Sand,3,16,12,77.5%,5.96M,8.54M,5.96M,0.589
210,Obsidian Tablet,905.5K,2.20M,1.27M,58.9%,584,237,237,0.589
211,Enchanted Sea Lumies,79.4K,100.6K,19.9K,21.1%,155.6K,92.4K,92.4K,0.589
212,Expired Pumpkin,4.6K,16.2K,11.4K,71.5%,64.6K,12.5K,12.5K,0.589
213,Shard Thyst,19.1K,34.9K,15.3K,45.1%,57.1K,24.5K,24.5K,0.589
214,Vial Of Venom,1.26M,2.21M,927.6K,43.1%,948,590,590,0.589
215,Enchantment Fortune 4,29.9K,152.6K,120.8K,80.4%,1.7K,1.1K,1.1K,0.589
216,Enchantment Mana Vampire 9,1.05M,70.00M,68.07M,98.5%,6,2,2,0.589
217,Dungeon Decoy,420,1.5K,1.0K,71.5%,115.7K,246.3K,115.7K,0.589
218,Gill Membrane,8,174,164,95.1%,355.1K,1.55M,355.1K,0.588
219,Shard Taurus,31.0K,56.4K,24.7K,45.0%,39.3K,15.6K,15.6K,0.588
220,Enchantment Turbo Pumpkin 1,500,20.9K,20.1K,97.6%,3.8K,10.6K,3.8K,0.588
221,Superboom Tnt,39,114,73,65.8%,1.57M,2.46M,1.57M,0.588
222,Packed Ice,2,19,17,89.4%,3.74M,3.17M,3.17M,0.588
223,Enchantment Sharpness 6,357.6K,617.0K,251.7K,42.0%,4.4K,2.0K,2.0K,0.588
224,Enchanted Mycelium,1.3K,1.6K,329,21.4%,3.85M,3.88M,3.85M,0.588
225,Enchantment Ultimate Wisdom 5,2.11M,3.06M,907.3K,30.9%,6.9K,1.1K,1.1K,0.588
226,Prime Lushlilac Bonbon,23.2K,153.9K,128.8K,84.9%,1.9K,883,883,0.588
227,Shard Leviathan,188.7K,323.1K,130.4K,41.6%,15.0K,3.7K,3.7K,0.587
228,Orb Of Energy,9.3K,14.3K,4.8K,34.7%,116.1K,225.9K,116.1K,0.587
229,Dwarven Os Block Bran,351.2K,644.2K,285.0K,45.5%,2.0K,1.5K,1.5K,0.587
230,Dung,9.0K,11.9K,2.8K,24.7%,377.7K,432.8K,377.7K,0.587
231,Enchantment Ultimate First Impression 1,1,8.8K,8.7K,100.0%,7.5K,40.6K,7.5K,0.587
232,Gold Bottle Cap,7.00M,13.75M,6.58M,49.1%,122,68,68,0.587
233,Enchantment Pesterminator 1,18.3K,30.5K,11.9K,40.1%,36.3K,170.9K,36.3K,0.587
234,Gold Ingot,0,5,5,91.2%,8.99M,165.47M,8.99M,0.587
235,Suspicious Vial,3.8K,103.8K,98.7K,96.4%,836,955,836,0.587
236,Pocket Iceberg,264.9K,5.91M,5.57M,95.5%,172,20,20,0.587
237,Enchanted Cocoa,455,573,110,20.6%,10.71M,75.04M,10.71M,0.586
238,Vitamin Death,1.0K,22.2K,20.9K,95.5%,3.9K,3.5K,3.5K,0.586
239,Enchanted Red Sand,1.0K,1.4K,381,27.6%,1.83M,3.00M,1.83M,0.586
240,Enchantment Syphon 5,25.73M,39.20M,12.98M,34.4%,185,72,72,0.586
241,Shard Scarf,328.2K,455.1K,121.3K,27.9%,14.0K,8.5K,8.5K,0.586
242,Revenant Viscera,54.3K,70.0K,14.8K,22.4%,311.0K,93.6K,93.6K,0.586
243,Scorched Crab Stick,127.7K,230.5K,100.0K,44.6%,3.8K,9.0K,3.8K,0.586
244,Shard Toucan,291.0K,500.0K,202.7K,41.8%,5.3K,2.3K,2.3K,0.586
245,Full Jaw Fanging Kit,750.0K,7.00M,6.16M,89.3%,113,20,20,0.586
246,Aote Stone,3.89M,6.14M,2.17M,36.7%,566,327,327,0.586
247,Shard Joydive,52.0K,72.7K,19.8K,28.5%,68.5K,43.1K,43.1K,0.586
248,Super Compactor 3000,110.8K,148.5K,35.9K,25.4%,48.2K,31.3K,31.3K,0.586
249,Enchantment Turbo Melon 1,28.2K,67.3K,38.3K,58.1%,5.4K,18.3K,5.4K,0.586
250,Enchantment Ultimate Swarm 2,89.0K,1.72M,1.61M,94.8%,61,71,61,0.585
251,Frozen Bait,4.2K,10.3K,6.0K,59.1%,29.0K,32.4K,29.0K,0.585
252,Warty,23.4K,31.6K,7.9K,26.2%,156.9K,119.1K,119.1K,0.585
253,Enchantment Ultimate The One 4,39.83M,61.00M,20.40M,34.7%,100,45,45,0.585
254,Transmission Tuner,37.5K,75.0K,36.5K,50.0%,7.5K,8.9K,7.5K,0.585
255,Clay Ball,1,14,13,91.8%,3.36M,11.53M,3.36M,0.585
256,Dustgrain,1.2K,3.0K,1.7K,58.7%,95.3K,91.4K,91.4K,0.585
257,Nether Stalk Distillate,4.1K,9.5K,5.3K,56.6%,34.4K,38.5K,34.4K,0.585
258,Enchantment Respite 5,223.6K,1.05M,812.3K,78.7%,526,161,161,0.584
259,Enchanted Paper,646,1.7K,995,61.1%,161.5K,136.3K,136.3K,0.584
260,Shard Cavernshade,32.8K,67.0K,33.4K,51.1%,30.7K,7.5K,7.5K,0.584
261,Braided Griffin Feather,30.68M,41.83M,10.64M,26.7%,499,134,134,0.584
262,Enchanted Gunpowder,487,869,371,44.0%,661.4K,1.13M,661.4K,0.584
263,Enchantment Ultimate Legion 4,8.00M,21.00M,12.74M,61.9%,162,20,20,0.584
264,Spirit Leap,100,343,238,70.7%,372.1K,1.04M,372.1K,0.584
265,Shard Viper,159.3K,203.2K,41.3K,21.6%,65.0K,35.5K,35.5K,0.584
266,Enchanted Dandelion,26.7K,32.4K,5.3K,17.5%,398.2K,366.9K,366.9K,0.584
267,Mutton,14,45,30,68.8%,2.66M,4.06M,2.66M,0.584
268,Leather,85,141,54,39.6%,4.82M,11.82M,4.82M,0.584
269,Enchantment Giant Killer 7,70.21M,95.15M,23.75M,26.2%,165,64,64,0.583
270,Moogma Pelt,0,52,51,98.7%,767.4K,1.77M,767.4K,0.583
271,Enchantment Pesterminator 3,21.1K,420.0K,393.6K,95.0%,258,205,205,0.583
272,Shard Spike,36.3K,61.9K,24.7K,41.2%,25.0K,14.8K,14.8K,0.583
273,Fried Feather,21.8K,28.6K,6.5K,23.9%,156.7K,208.7K,156.7K,0.583
274,Shard Glacite Walker,8.8K,10.8K,1.8K,17.9%,1.17M,938.0K,938.0K,0.583
275,Plasma,230.0K,275.3K,41.8K,16.4%,62.1K,59.2K,59.2K,0.583
276,Enchantment Ultimate Last Stand 4,52.6K,1.00M,937.1K,94.8%,93,90,90,0.583
277,Giant Fragment Laser,1.10M,1.28M,169.7K,14.5%,20.6K,21.4K,20.6K,0.583
278,Enchanted Redstone,766,952,174,19.6%,6.55M,9.60M,6.55M,0.582
279,Enderman Cortex Rewriter,48.7K,188.3K,137.3K,74.1%,867,1.8K,867,0.582
280,Shard Cinder Bat,64.1K,96.5K,31.2K,33.6%,36.0K,17.4K,17.4K,0.582
281,Enchanted Gold,476,627,143,24.1%,5.10M,15.85M,5.10M,0.582
282,Yoggie,34,401,361,91.5%,139.7K,366.3K,139.7K,0.582
283,Blazen Sphere,78.1K,246.9K,165.7K,68.4%,2.7K,852,852,0.582
284,Enchanted Red Sand Cube,138.3K,210.0K,69.1K,34.1%,12.1K,7.9K,7.9K,0.582
285,Summoning Eye,1.24M,1.37M,116.1K,9.7%,83.4K,64.4K,64.4K,0.582
286,Enchantment Turbo Wheat 1,147.1K,238.4K,88.3K,38.3%,4.9K,12.0K,4.9K,0.582
287,Enchantment Fire Aspect 3,0,15.1K,14.9K,100.0%,3.8K,3.5K,3.5K,0.581
288,Shard Chill,8.2K,10.6K,2.2K,22.0%,618.3K,471.6K,471.6K,0.581
289,Enchanted Glistering Melon,4.2K,28.5K,24.0K,85.4%,4.4K,3.1K,3.1K,0.581
290,Cactus,1,8,6,85.0%,6.31M,32.60M,6.31M,0.581
291,Enchantment Ultimate Inferno 3,1.00M,100.00M,97.75M,99.0%,0,0,0,0.581
292,Enchantment Turbo Sunflower 1,336.0K,491.5K,149.4K,31.6%,4.2K,8.3K,4.2K,0.580
293,Shard Sun Fish,403.9K,680.0K,267.6K,40.6%,3.2K,1.5K,1.5K,0.580
294,Red Mushroom,6,21,15,72.3%,3.82M,449.38M,3.82M,0.580
295,Shard Shinyfish,178.6K,226.8K,45.3K,21.2%,102.4K,28.6K,28.6K,0.580
296,Deep Root,4.0K,7.4K,3.4K,46.3%,64.9K,120.6K,64.9K,0.580
297,Enchantment Ultimate Crop Fever 4,814.6K,19.00M,17.95M,95.7%,132,5,5,0.580
298,Enchantment Pesterminator 4,51.7K,1000.0K,935.8K,94.8%,205,79,79,0.580
299,Shard Azure,1.5K,2.6K,1.1K,41.9%,231.8K,314.6K,231.8K,0.580
300,Enchantment Sugar Rush 1,1,488.1K,482.0K,100.0%,1.0K,131,131,0.580
301,Shard Mochibear,49.8K,68.0K,17.4K,26.8%,69.8K,42.7K,42.7K,0.580
302,Rabbit Hide,0,61,61,99.8%,541.9K,2.95M,541.9K,0.580
303,Sulphur,8,34,25,75.3%,2.18M,3.02M,2.18M,0.580
304,Diamond Atom,5.0K,115.0K,108.6K,95.7%,681,565,565,0.580
305,Enchantment Blessing 6,27.50M,90.00M,61.37M,69.4%,16,3,3,0.579
306,Enchanted Leather,795,1.1K,302,28.4%,1.60M,2.74M,1.60M,0.579
307,Enchantment Ultimate Wise 2,134.1K,233.7K,96.7K,42.6%,3.3K,25.6K,3.3K,0.579
308,All In Aloe,171.4K,300.0K,124.8K,42.9%,4.4K,2.5K,2.5K,0.579
309,Lump Of Magma,0,59,58,99.7%,560.0K,2.47M,560.0K,0.579
310,Chain End Times,2.30M,3.74M,1.39M,38.5%,413,337,337,0.579
311,Enchantment Luck Of The Sea 6,3,81.0K,80.0K,100.0%,1.0K,675,675,0.579
312,Giant Pig Ear,3.14M,4.85M,1.65M,35.3%,373,342,342,0.579
313,Enchanted Flint,1.2K,1.5K,354,24.2%,1.89M,8.07M,1.89M,0.579
314,Revenant Catalyst,6.4K,45.6K,38.7K,86.0%,1.8K,11.1K,1.8K,0.579
315,Shard Sea Emperor,142.3K,216.2K,71.2K,34.2%,17.6K,6.7K,6.7K,0.579
316,Spiked Bait,5,93,87,94.6%,702.3K,417.4K,417.4K,0.579
317,Hot Stuff,1.65M,7.44M,5.70M,77.9%,118,21,21,0.579
318,Enchantment Turbo Mushrooms 5,29.5K,589.0K,552.1K,95.0%,906,122,122,0.579
319,Sorrow,178.3K,213.2K,32.3K,16.4%,71.4K,62.6K,62.6K,0.579
320,Enchanted Cobblestone,207,299,87,30.6%,4.19M,8.17M,4.19M,0.579
321,Enchantment Turbo Carrot 1,1.0K,13.0K,11.9K,92.3%,4.5K,10.5K,4.5K,0.579
322,Refined Mineral,100.0K,130.8K,29.1K,23.5%,98.8K,32.2K,32.2K,0.578
323,Jelly,23.8K,28.5K,4.4K,16.6%,383.2K,394.7K,383.2K,0.578
324,Enchantment Ferocious Mana 6,350.0K,2.00M,1.62M,82.5%,407,58,58,0.578
325,Rusty Coin,25.9K,32.4K,6.1K,20.1%,187.8K,233.8K,187.8K,0.578
326,Bezos,1.5K,4.2K,2.7K,65.1%,36.1K,90.6K,36.1K,0.578
327,Enchantment Triple Strike 5,15.42M,23.93M,8.21M,35.6%,137,72,72,0.578
328,Enchanted Quartz,694,1.1K,392,36.9%,687.3K,3.34M,687.3K,0.578
329,Lush Berberis,6,88,80,92.2%,456.7K,1.51M,456.7K,0.578
330,Enchanted Redstone Lamp,100.0K,195.0K,92.6K,48.7%,4.5K,2.4K,2.4K,0.578
331,Shard Drowned,8.0K,17.9K,9.7K,55.4%,52.2K,15.0K,15.0K,0.578
332,Enchanted Rotten Flesh,390,524,128,25.7%,4.06M,10.39M,4.06M,0.578
333,Shard Cretan Bull,76.4K,150.0K,71.7K,49.1%,13.2K,3.0K,3.0K,0.578
334,Enchantment Caster 6,6.1K,100.2K,92.9K,94.0%,1.0K,615,615,0.577
335,Volta,2.5K,4.7K,2.1K,46.5%,87.1K,167.8K,87.1K,0.577
336,Shard Seer,7.7K,15.6K,7.7K,50.7%,66.8K,21.8K,21.8K,0.577
337,Shard Lapis Skeleton,43.9K,69.6K,24.8K,36.9%,54.8K,14.1K,14.1K,0.577
338,Enchanted Ice,230,386,150,40.2%,1.35M,1.93M,1.35M,0.577
339,Werewolf Skin,1.3K,3.3K,2.0K,61.8%,51.1K,134.2K,51.1K,0.577
340,Shard Shellwise,80.5K,95.0K,13.3K,15.3%,242.7K,151.6K,151.6K,0.577
341,Sowledge Garden Chip,269.1K,383.7K,109.8K,29.9%,27.0K,5.3K,5.3K,0.577
342,Enchantment Lapidary 1,173.6K,264.4K,87.5K,34.3%,4.9K,6.5K,4.9K,0.577
343,Gazing Pearl,106,1.2K,1.1K,91.3%,38.3K,54.6K,38.3K,0.577
344,Dragon Claw,612.0K,862.1K,239.4K,29.0%,4.0K,2.7K,2.7K,0.576
345,Cup Of Blood,102,908,795,88.8%,55.0K,676.8K,55.0K,0.576
346,Sand:1,1,35,33,96.0%,886.8K,11.76M,886.8K,0.576
347,Enchantment Feather Falling 10,35.7K,300.0K,260.5K,88.1%,2.9K,253,253,0.576
348,Enchanted Egg,3.1K,4.1K,954,24.4%,640.5K,1.96M,640.5K,0.576
349,Enchantment Bane Of Arthropods 6,1,15.0K,14.8K,100.0%,3.4K,2.8K,2.8K,0.576
350,Vermin Vaporizer Garden Chip,480.8K,578.3K,90.3K,16.9%,28.3K,19.9K,19.9K,0.576
351,Arachne Keeper Fragment,540,1.5K,962,64.5%,85.9K,165.8K,85.9K,0.576
352,Shard Phanflare,43.9K,61.9K,17.2K,29.1%,63.7K,30.1K,30.1K,0.576
353,Godseed,300.0K,1000.0K,687.5K,70.0%,361,161,161,0.576
354,Shard Apex Dragon,288.3K,343.9K,51.3K,16.2%,36.2K,38.7K,36.2K,0.576
355,Perfect Opal Gem,9.85M,13.50M,3.48M,27.0%,486,248,248,0.575
356,Shard Komodo Dragon,550.0K,831.3K,270.9K,33.8%,3.8K,1.7K,1.7K,0.575
357,Shard Flaming Spider,10.0K,15.4K,5.2K,35.1%,82.3K,60.9K,60.9K,0.575
358,Enchantment Forest Pledge 4,6.7K,1.23M,1.21M,99.5%,58,45,45,0.575
359,Deep Sea Orb,1.59M,2.23M,608.3K,28.5%,2.0K,1.1K,1.1K,0.575
360,Enchantment Turbo Wheat 3,30.0K,1.35M,1.31M,97.8%,176,43,43,0.575
361,Enchantment Turbo Rose 1,67.0K,126.3K,57.8K,47.0%,3.5K,9.4K,3.5K,0.575
362,Y,60.0K,113.2K,51.8K,47.0%,6.9K,3.8K,3.8K,0.574
363,Book Of Stats,2.76M,8.00M,5.14M,65.5%,828,27,27,0.574
364,Shard Golden Ghoul,9.0K,14.3K,5.1K,37.1%,87.0K,53.3K,53.3K,0.574
365,Blood Soaked Coins,39.6K,5.00M,4.90M,99.2%,169,12,12,0.574
366,Enchantment Big Brain 4,3.04M,80.00M,75.96M,96.2%,6,1,1,0.574
367,Precursor Gear,369.5K,448.8K,73.6K,17.7%,20.4K,26.4K,20.4K,0.574
368,Corrupted Bait,1,139,136,98.7%,307.5K,206.0K,206.0K,0.574
369,Bouncy Beach Ball,135.9K,250.0K,111.0K,45.6%,4.1K,2.0K,2.0K,0.574
370,Blessed Bait,250,899,638,72.2%,218.3K,93.2K,93.2K,0.574
371,Rotten Flesh,0,6,5,90.9%,4.46M,38.99M,4.46M,0.574
372,Squeaky Toy,5.9K,17.0K,10.9K,65.2%,9.1K,8.2K,8.2K,0.574
373,Spooky Shard,7.0K,14.0K,6.8K,50.0%,21.8K,27.1K,21.8K,0.574
374,Fine Ruby Gem,22.4K,27.6K,4.8K,18.8%,222.5K,350.9K,222.5K,0.574
375,Enchantment True Protection 1,477.3K,990.5K,500.8K,51.8%,2.0K,374,374,0.574
376,Dwarven Os Gemstone Grahams,18.0K,58.4K,39.6K,69.2%,3.2K,2.2K,2.2K,0.574
377,Diamond Spreading,2.7K,8.8K,5.9K,68.9%,24.4K,12.7K,12.7K,0.574
378,Snow Block,1,9,8,87.2%,3.52M,14.81M,3.52M,0.574
379,Enchanted Raw Fish,993,1.2K,206,18.3%,4.37M,5.98M,4.37M,0.574
380,Thorny Vines,232.3K,782.9K,540.8K,70.3%,241,183,183,0.574
381,Plant Matter,75.9K,85.5K,8.6K,11.3%,424.4K,366.9K,366.9K,0.574
382,Enchantment Dedication 3,1.33M,2.00M,644.1K,33.5%,5.4K,711,711,0.574
383,Iron Ingot,1,6,5,82.2%,5.93M,117.48M,5.93M,0.573
384,Magma Fish,75,234,156,67.8%,376.2K,25.72M,376.2K,0.573
385,Enchanted Iron,707,901,182,21.5%,3.43M,4.09M,3.43M,0.573
386,Shard Hummingbird,146.6K,200.0K,50.9K,26.7%,15.0K,11.7K,11.7K,0.573
387,Shard Sycophant,19.2K,30.8K,11.2K,37.5%,59.3K,23.6K,23.6K,0.573
388,Coalroot,340.7K,500.0K,153.0K,31.9%,12.2K,2.9K,2.9K,0.573
389,Shard Silentdepth,232.5K,358.5K,121.5K,35.1%,14.9K,2.9K,2.9K,0.573
390,Shard Skeletor,140.0K,187.1K,44.8K,25.2%,34.1K,14.7K,14.7K,0.573
391,Pesthunting Guide,2.91M,3.53M,580.9K,17.7%,5.1K,2.8K,2.8K,0.573
392,Bubba Blister,322.7K,705.5K,374.0K,54.3%,1.2K,422,422,0.573
393,Enchantment Thunderbolt 7,635.4K,2.10M,1.44M,69.7%,128,72,72,0.573
394,Shard Pandarai,131.8K,225.0K,90.4K,41.4%,16.9K,2.7K,2.7K,0.573
395,Enchantment Stealth 1,5,27.0K,26.7K,100.0%,1.6K,1.4K,1.4K,0.572
396,Winter Water Orb,1.34M,9.72M,8.26M,86.2%,21,9,9,0.572
397,Starfall,1.1K,1.6K,549,34.9%,435.4K,2.03M,435.4K,0.572
398,Shard Wither Specter,10.0K,14.9K,4.7K,32.9%,106.9K,66.5K,66.5K,0.572
399,Griffin Upgrade Stone Mythic,75.40M,178.00M,100.37M,57.6%,6,2,2,0.572
400,Mandraa,1.99M,2.82M,798.1K,29.5%,1.2K,696,696,0.572
401,Enchantment Smarty Pants 1,303.9K,464.8K,155.1K,34.6%,2.3K,6.6K,2.3K,0.572
402,Mechamind Garden Chip,1.11M,1.39M,268.7K,20.5%,8.9K,4.0K,4.0K,0.572
403,Bonzo Fragment,994,10.1K,8.9K,90.1%,4.5K,51.0K,4.5K,0.571
404,Enchantment Lapidary 3,11,2.33M,2.30M,100.0%,48,21,21,0.571
405,Small Pig Ear,250.0K,567.7K,310.6K,56.0%,443,578,443,0.571
406,Enchantment Turbo Wheat 4,110.0K,2.26M,2.12M,95.1%,67,25,25,0.571
407,Raw Fish,37,60,22,38.5%,6.70M,32.57M,6.70M,0.571
408,Xlarge Enchanted Chest,1.65M,2.50M,815.3K,33.8%,1.0K,502,502,0.571
409,Booster Cookie,10.88M,11.42M,393.1K,4.7%,78.7K,57.0K,57.0K,0.571
410,Chorus Fruit,228.2K,364.5K,131.8K,37.4%,6.2K,2.2K,2.2K,0.571
411,Enchantment Smoldering 5,5.95M,78.00M,71.08M,92.4%,75,1,1,0.571
412,Freshly Minted Coins,2.27M,2.76M,452.4K,17.7%,5.3K,3.2K,3.2K,0.571
413,Shard Lunar Moth,801.7K,1.10M,284.5K,27.1%,19.0K,2.1K,2.1K,0.571
414,Puffercloud,2.85M,3.88M,985.4K,26.6%,3.7K,675,675,0.571
415,Berberis Fuel Injector,1.90M,2.44M,503.8K,21.9%,3.0K,1.9K,1.9K,0.571
416,Enchantment Turbo Melon 4,237.5K,2.00M,1.74M,88.1%,191,34,34,0.571
417,Toxic Arrow Poison,5.1K,6.0K,854,15.4%,2.80M,1.45M,1.45M,0.571
418,Pure Mithril,1.0K,1000.0K,986.5K,99.9%,110,44,44,0.570
419,Phantomleaf,141.6K,293.9K,148.6K,51.8%,976,983,976,0.570
420,Recombobulator 3000,9.56M,10.05M,373.5K,5.0%,55.1K,51.0K,51.0K,0.570
421,Horns Of Torment,68.1K,470.0K,396.1K,85.5%,1.2K,140,140,0.570
422,Enchantment Turbo Moonflower 2,52.4K,1.59M,1.51M,96.7%,68,31,31,0.570
423,Ensnared Snail,5.86M,8.50M,2.53M,31.0%,411,197,197,0.570
424,Bob Omb,822,1.4K,587,42.4%,246.8K,504.3K,246.8K,0.570
425,Enchantment Chance 5,13.42M,20.10M,6.43M,33.2%,118,72,72,0.570
426,Enchantment Turbo Warts 5,50.0K,819.5K,759.2K,93.9%,686,62,62,0.570
427,Veilshroom,1.3K,2.5K,1.2K,48.8%,92.8K,114.7K,92.8K,0.569
428,Free Will,3.26M,4.00M,690.0K,18.5%,3.2K,1.9K,1.9K,0.569
429,Enchantment Paleontologist 4,1,3.24M,3.20M,100.0%,14,66,14,0.569
430,Shard Tide,37.0K,65.5K,27.7K,43.6%,31.7K,6.3K,6.3K,0.569
431,Shard Bezal,10.1K,14.5K,4.2K,30.1%,309.2K,78.4K,78.4K,0.569
432,Enchantment Ultimate Bank 5,19.2K,289.3K,266.5K,93.4%,871,162,162,0.569
433,Enchantment Protection 6,2.10M,2.60M,468.3K,19.3%,5.3K,2.4K,2.4K,0.569
434,Enchantment Ultimate Chimera 4,150.00M,345.00M,190.69M,56.5%,5,1,1,0.569
435,Shard Tenebris,310.0K,598.1K,280.6K,48.2%,4.1K,593,593,0.569
436,Carrot Bait,15,187,169,91.8%,421.6K,154.3K,154.3K,0.569
437,Shard Thorn,126.0K,162.8K,34.8K,22.6%,19.3K,20.9K,19.3K,0.569
438,Enchanted Dark Oak Log,1.8K,2.3K,399,18.8%,1.79M,1.91M,1.79M,0.569
439,Chocoberry,403.3K,509.3K,99.7K,20.8%,27.2K,8.6K,8.6K,0.569
440,Shard Obsidian Defender,11.2K,17.6K,6.2K,36.4%,78.8K,36.0K,36.0K,0.569
441,Frozen Bauble,3.23M,6.50M,3.19M,50.3%,668,56,56,0.569
442,Enchantment Ultimate Wisdom 1,122.0K,158.6K,34.6K,23.1%,18.5K,112.0K,18.5K,0.569
443,Enchantment Smarty Pants 2,200.0K,4.00M,3.75M,95.0%,52,13,13,0.569
444,Enchantment Turbo Mushrooms 3,1,247.1K,244.0K,100.0%,151,148,148,0.569
445,Enchantment Divine Gift 2,2.10M,60.00M,57.15M,96.5%,2,1,1,0.569
446,Shard Kiwi,299.5K,500.0K,194.2K,40.1%,4.4K,1.2K,1.2K,0.568
447,Festering Maggot,691.6K,1.04M,331.8K,33.3%,1.5K,1.0K,1.0K,0.568
448,Shard Power Dragon,337.2K,392.4K,50.2K,14.1%,35.5K,36.1K,35.5K,0.568
449,Sleepy Hollow,10.00M,16.11M,5.91M,37.9%,61,55,55,0.568
450,Dwarven Os Metallic Minis,458.1K,684.3K,217.6K,33.0%,2.1K,1.6K,1.6K,0.568
451,Essence Undead,607,676,59,10.1%,36.28M,44.48M,36.28M,0.568
452,Enchanted Bread,300,844,533,64.4%,105.4K,783.0K,105.4K,0.568
453,Enchantment Rejuvenate 5,372.6K,540.0K,160.7K,31.0%,18.8K,2.3K,2.3K,0.568
454,Compactor,2.3K,10.6K,8.1K,77.9%,5.9K,5.6K,5.6K,0.568
455,Dwarven Compactor,190.6K,280.0K,85.9K,31.9%,4.7K,3.9K,3.9K,0.567
456,Shard Termite,89.4K,115.0K,24.1K,22.2%,103.7K,26.3K,26.3K,0.567
457,Enchantment Ultimate Wise 5,1.57M,2.10M,503.6K,25.2%,9.0K,1.2K,1.2K,0.567
458,Dead Plant,812,1.5K,657,45.4%,171.0K,527.5K,171.0K,0.567
459,Small Witch Cauldron,3.30M,8.86M,5.45M,62.8%,31,20,20,0.567
460,Suspicious Scrap,72.8K,82.9K,9.1K,12.3%,214.5K,222.5K,214.5K,0.567
461,Bookworm Book,3.9K,11.0K,6.9K,64.2%,9.2K,26.6K,9.2K,0.567
462,Enchanted Lava Bucket,60.2K,79.6K,18.4K,24.4%,50.5K,27.1K,27.1K,0.567
463,Enchantment Sugar Rush 3,1.11M,2.36M,1.22M,52.9%,1.5K,112,112,0.567
464,Pet Item Lucky Clover Drop,2.59M,3.50M,861.5K,25.9%,693,671,671,0.566
465,Shard Lapis Zombie,9.2K,11.5K,2.1K,19.7%,470.3K,309.0K,309.0K,0.566
466,Soulflow,16.1K,18.3K,2.1K,12.5%,1.02M,806.3K,806.3K,0.566
467,Enchantment Replenish 1,975.0K,1.58M,580.8K,38.1%,8.5K,429,429,0.566
468,Glacial Fragment,48.4K,64.8K,15.6K,25.3%,34.6K,28.5K,28.5K,0.566
469,Shard Hideonleaf,64.8K,74.0K,8.3K,12.5%,324.5K,218.9K,218.9K,0.566
470,Enchantment Rejuvenate 2,21.3K,41.3K,19.6K,48.6%,6.0K,56.4K,6.0K,0.566
471,Shard Bullfrog,105.7K,190.0K,81.9K,44.4%,14.1K,1.9K,1.9K,0.566
472,Hypercharge Garden Chip,48.1K,63.5K,14.6K,24.2%,34.7K,32.5K,32.5K,0.566
473,Perfect Jade Gem,13.19M,15.00M,1.63M,12.1%,4.0K,1.7K,1.7K,0.565
474,Enchantment Turbo Moonflower 3,217.2K,5.56M,5.28M,96.1%,43,8,8,0.565
475,Enchantment Ultimate Swarm 5,7.21M,12.56M,5.19M,42.6%,786,43,43,0.565
476,Ender Pearl,5,16,10,66.8%,3.26M,86.92M,3.26M,0.565
477,Enchantment Strong Mana 9,13.00M,79.99M,65.99M,83.7%,4,0,0,0.565
478,Enchanted Charcoal,1.0K,4.5K,3.4K,77.7%,18.4K,11.0K,11.0K,0.565
479,Log:1,1,8,7,85.9%,2.76M,7.98M,2.76M,0.565
480,Perfect Onyx Gem,13.59M,16.00M,2.21M,15.1%,2.0K,783,783,0.565
481,Magic Mushroom Soup,184,1.3K,1.1K,85.6%,53.2K,26.1K,26.1K,0.564
482,Optical Lens,10.0K,55.0K,44.3K,81.8%,903,907,903,0.564
483,Old Fragment,6.6K,9.9K,3.2K,33.4%,65.4K,95.1K,65.4K,0.564
484,Flawless Ruby Gem,1.59M,1.91M,295.8K,16.7%,10.8K,4.0K,4.0K,0.564
485,Enchantment Turbo Melon 3,35.3K,686.0K,642.0K,94.8%,268,55,55,0.564
486,Enchantment Giant Killer 6,93.1K,173.6K,78.3K,46.4%,3.4K,1.7K,1.7K,0.564
487,Shark Fin,301,983,670,69.4%,61.2K,793.6K,61.2K,0.564
488,Enchantment Turbo Pumpkin 5,63.3K,903.3K,828.7K,93.0%,636,45,45,0.564
489,Overdrive Garden Chip,2.00M,2.40M,370.0K,16.7%,6.7K,3.2K,3.2K,0.564
490,Enchantment Smarty Pants 4,1.25M,24.16M,22.61M,94.8%,6,2,2,0.564
491,Shard Barbarian Duke X,158.9K,200.0K,38.6K,20.6%,36.8K,17.1K,17.1K,0.564
492,Hemovibe,110,270,156,59.1%,325.4K,634.1K,325.4K,0.564
493,Gleaming Crystal,35.75M,60.00M,23.50M,40.4%,82,11,11,0.564
494,Black Woolen Yarn,7.19M,12.00M,4.66M,40.0%,214,50,50,0.564
495,Enchanted Ghast Tear,251,385,129,34.8%,1.13M,5.05M,1.13M,0.563
496,Enchanted Slime Ball,906,1.0K,128,13.5%,8.20M,7.90M,7.90M,0.563
497,Shard Tempest,153.4K,280.0K,123.1K,45.2%,10.6K,1.1K,1.1K,0.563
498,Shard Leatherback,82.6K,170.3K,85.5K,51.5%,11.1K,1.2K,1.2K,0.563
499,Blood Stained Coins,927.4K,2.50M,1.54M,62.9%,365,54,54,0.563
500,Revenant Flesh,273,356,78,23.3%,4.03M,32.31M,4.03M,0.563
501,Enchantment Rejuvenate 3,50.6K,94.2K,42.3K,46.2%,2.8K,25.1K,2.8K,0.563
502,Enchantment Turbo Coco 1,1,8.9K,8.8K,100.0%,2.5K,8.8K,2.5K,0.563
503,Minion Expander,23.3K,46.7K,22.8K,50.1%,9.3K,4.2K,4.2K,0.562
504,Enchantment Turbo Melon 2,23.1K,331.8K,304.5K,93.0%,135,106,106,0.562
505,Sturdy Bone,100,397,292,74.8%,104.9K,456.9K,104.9K,0.562
506,Enchantment Mana Vampire 1,76.8K,232.7K,153.0K,67.0%,391,688,391,0.562
507,Enchantment Ultimate Wise 4,501.0K,1.54M,1.02M,67.5%,187,66,66,0.562
508,Enchantment Ultimate Swarm 3,249.5K,3.70M,3.41M,93.3%,72,11,11,0.562
509,Z,158.9K,235.1K,73.3K,32.4%,3.4K,4.1K,3.4K,0.562
510,Shard Miner Zombie,13.0K,15.0K,1.8K,13.1%,918.5K,687.2K,687.2K,0.562
511,Shard Eel,275.0K,372.9K,93.2K,26.3%,13.2K,4.2K,4.2K,0.562
512,Enchantment Arcane 6,1,12.1K,12.0K,100.0%,1.8K,2.1K,1.8K,0.562
513,Enchantment Lapidary 2,180.0K,1.19M,994.1K,84.9%,41,58,41,0.561
514,Mutated Blaze Ashes,136,745,599,81.7%,43.4K,98.6K,43.4K,0.561
515,Candycomb,444,2.7K,2.2K,83.5%,12.2K,21.2K,12.2K,0.561
516,Enchantment Dedication 1,340.3K,453.4K,107.5K,25.0%,3.9K,8.4K,3.9K,0.561
517,Enchantment Ender Slayer 6,128.2K,215.0K,84.1K,40.4%,3.2K,1.8K,1.8K,0.561
518,Enchantment Ultimate Rend 2,150.0K,536.6K,379.9K,72.0%,137,474,137,0.561
519,Hotspot Bait,4.0K,7.1K,3.1K,44.0%,111.4K,33.2K,33.2K,0.561
520,Enchantment Pesterminator 5,464.9K,750.0K,275.7K,38.0%,9.7K,679,679,0.561
521,Log 2,3,19,15,80.5%,1.27M,9.62M,1.27M,0.561
522,Enchantment Feather Falling 9,313,410.0K,404.6K,99.9%,92,65,65,0.561
523,Spectre Dust,18,230,209,92.0%,86.4K,194.3K,86.4K,0.560
524,Shard Harpy,258.8K,450.0K,185.6K,42.5%,7.2K,770,770,0.560
525,Crude Gabagool Distillate,11.4K,13.9K,2.3K,17.9%,264.8K,366.6K,264.8K,0.560
526,Refined Dark Cacao Truffle,2.40M,3.17M,728.4K,24.2%,2.5K,675,675,0.560
527,Scorched Power Crystal,698.4K,823.2K,114.5K,15.2%,13.6K,9.8K,9.8K,0.560
528,Brown Mushroom,5,15,10,66.4%,2.71M,344.80M,2.71M,0.560
529,Empty Chum Bucket,6.6K,13.0K,6.3K,49.5%,12.8K,14.1K,12.8K,0.560
530,Vinesap,1.3K,1.8K,430,25.8%,578.8K,2.38M,578.8K,0.560
531,Compacted Moonflower,101.1K,110.0K,7.5K,8.1%,492.1K,446.9K,446.9K,0.560
532,Shard Jormung,1.62M,2.06M,411.5K,21.3%,4.0K,1.5K,1.5K,0.560
533,Shard Hellwisp,16.4K,36.5K,19.6K,55.1%,23.1K,3.5K,3.5K,0.560
534,Enchanted Poisonous Potato,11,2.0K,1.9K,99.4%,8.9K,53.2K,8.9K,0.560
535,Enchantment Dedication 2,545.0K,1.63M,1.06M,66.5%,85,58,58,0.559
536,Quickdraw Garden Chip,25.5K,35.3K,9.4K,27.8%,33.8K,28.1K,28.1K,0.559
537,Giant Fragment Bigfoot,49.0K,68.0K,18.2K,28.0%,15.0K,23.1K,15.0K,0.559
538,Enchantment Turbo Rose 3,17.5K,1.80M,1.76M,99.0%,67,16,16,0.559
539,Soulflow Engine,10.55M,15.74M,4.99M,33.0%,58,90,58,0.559
540,Enchantment Lapidary 4,5.6K,5.00M,4.93M,99.9%,21,6,6,0.559
541,Singed Powder,87.0K,127.7K,39.0K,31.8%,10.5K,5.6K,5.6K,0.559
542,Arachne Fang,560.4K,728.6K,159.1K,23.1%,2.9K,3.5K,2.9K,0.559
543,X,24.7K,42.0K,16.8K,41.3%,7.1K,7.5K,7.1K,0.559
544,Entropy Suppressor,7.74M,20.00M,12.01M,61.3%,13,7,7,0.559
545,Shard Sea Serpent,353.1K,485.3K,126.1K,27.2%,19.1K,2.5K,2.5K,0.559
546,Enchantment Strong Mana 8,1.50M,38.00M,36.02M,96.1%,15,0,0,0.559
547,Enchanted Emerald,752,981,217,23.4%,1.28M,1.35M,1.28M,0.559
548,Enchantment Overload 3,151.0K,3.26M,3.07M,95.4%,45,10,10,0.559
549,Enchanted Grilled Pork,153.0K,176.4K,21.2K,13.3%,104.2K,58.3K,58.3K,0.559
550,Stuffed Chili Pepper,13.39M,25.00M,11.30M,46.4%,83,13,13,0.559
551,Mythos Fragment,36.0K,53.7K,17.0K,33.0%,19.5K,11.0K,11.0K,0.559
552,Enchantment Ultimate Reiterate 3,1.20M,8.09M,6.79M,85.2%,42,6,6,0.559
553,Third Master Star,29.21M,32.70M,3.08M,10.7%,1.7K,886,886,0.559
554,Null Blade,17.00M,22.00M,4.72M,22.7%,667,126,126,0.559
555,Shard Prince,122.4K,187.8K,63.0K,34.8%,15.5K,2.9K,2.9K,0.558
556,End Stone Shulker,0,3.0K,2.9K,100.0%,5.7K,6.1K,5.7K,0.558
557,Enchantment Ultimate Wisdom 2,222.7K,330.0K,103.2K,32.5%,2.1K,16.8K,2.1K,0.558
558,Sweep Booster,19.6K,28.8K,8.8K,31.8%,21.5K,106.6K,21.5K,0.558
559,Stoplight Petal,4.80M,6.05M,1.17M,20.6%,2.9K,552,552,0.558
560,Enchanted Mithril,1.3K,1.5K,129,9.9%,11.68M,22.91M,11.68M,0.558
561,Red Scarf,300.2K,479.0K,172.8K,37.3%,1.5K,962,962,0.558
562,Giant Tooth,66.6K,128.1K,59.8K,48.0%,1.7K,1.5K,1.5K,0.558
563,Cheesebite,915.3K,1.21M,275.1K,24.1%,6.4K,1.5K,1.5K,0.558
564,Enchantment Ferocious Mana 2,20.2K,139.9K,118.0K,85.6%,248,331,248,0.558
565,Shard Tadgang,28.8K,37.8K,8.5K,23.8%,113.9K,39.0K,39.0K,0.558
566,Enchantment First Strike 5,56.43M,71.27M,13.95M,20.8%,147,53,53,0.558
567,Enchantment Infinite Quiver 10,15.2K,200.0K,182.3K,92.4%,1.6K,140,140,0.558
568,Enchantment Ultimate Chimera 1,28.44M,31.50M,2.67M,9.7%,4.0K,1.2K,1.2K,0.558
569,Enchanted Bone,642,845,191,24.0%,1.30M,1.63M,1.30M,0.558
570,Match Sticks,100,530,424,81.1%,50.6K,56.3K,50.6K,0.557
571,Melon,1,2,1,52.1%,24.02M,738.38M,24.02M,0.557
572,Mantid Claw,61.0K,87.1K,25.0K,30.0%,8.8K,20.0K,8.8K,0.557
573,Brain Food,2.46M,3.94M,1.43M,37.6%,822,129,129,0.557
574,Fine Jade Gem,25.9K,30.0K,3.8K,13.9%,243.4K,297.4K,243.4K,0.557
575,Tentacle Meat,11.1K,15.7K,4.4K,29.4%,47.4K,45.4K,45.4K,0.557
576,Pet Item Pure Mithril Gem,200.0K,407.0K,201.9K,50.9%,943,426,426,0.557
577,Enchantment Quick Bite 3,1.14M,18.16M,16.79M,93.7%,9,2,2,0.557
578,Starlyn Prize,91.1K,123.4K,30.8K,26.2%,9.5K,14.9K,9.5K,0.557
579,Enchantment Turbo Cane 1,451,4.9K,4.4K,90.8%,4.5K,11.5K,4.5K,0.557
580,Enchantment Mana Vampire 4,165.8K,500.0K,327.9K,66.8%,154,255,154,0.557
581,Essence Diamond,229,273,40,16.2%,11.99M,13.93M,11.99M,0.557
582,Enchanted Firework Rocket,45.1K,94.0K,47.7K,52.0%,7.3K,1.5K,1.5K,0.557
583,Fuming Potato Book,1.24M,1.33M,80.5K,7.3%,53.5K,65.0K,53.5K,0.557
584,Enchantment Turbo Wheat 5,2.60M,4.70M,2.04M,44.7%,749,64,64,0.557
585,Party Gift,48.1K,70.0K,21.1K,31.4%,21.1K,9.2K,9.2K,0.557
586,Do Not Eat Shroom,298.4K,380.3K,77.2K,21.5%,13.1K,6.0K,6.0K,0.557
587,Shard Galaxy Fish,2.83M,3.37M,501.6K,16.1%,4.6K,1.9K,1.9K,0.557
588,Xxlarge Enchanted Chest,3.04M,4.00M,914.0K,24.1%,1.9K,474,474,0.557
589,Enchanted Glowstone Dust,940,1.2K,284,24.2%,846.1K,1.09M,846.1K,0.557
590,Shard Zealot,9.2K,12.9K,3.5K,28.2%,134.4K,60.6K,60.6K,0.557
591,Blaze Rod,4,13,8,64.9%,2.78M,24.38M,2.78M,0.557
592,Shard Bolt,48.4K,72.3K,23.0K,33.0%,36.0K,7.5K,7.5K,0.557
593,Glowing Mushroom,489,948,447,48.4%,132.3K,279.1K,132.3K,0.556
594,Enchantment Power 6,1.0K,18.8K,17.6K,94.7%,1.4K,1.1K,1.1K,0.556
595,Enchantment Chance 4,200,16.5K,16.1K,98.8%,1.3K,1.1K,1.1K,0.556
596,Shard Snowfin,153.4K,268.0K,111.2K,42.8%,5.0K,999,999,0.556
597,Mixed Mite Gel,40.0K,336.8K,292.6K,88.1%,92,443,92,0.556
598,String,0,4,3,82.6%,3.69M,39.96M,3.69M,0.556
599,Superb Carrot Candy,1.46M,2.26M,777.5K,35.6%,1.0K,237,237,0.556
600,Enchantment Ultimate Combo 5,30.0K,330.0K,295.9K,90.9%,716,85,85,0.556
601,Enchanted Raw Salmon,1.1K,1.6K,477,31.4%,292.6K,4.12M,292.6K,0.556
602,Spell Powder,7.8K,13.4K,5.5K,42.1%,16.6K,24.1K,16.6K,0.556
603,Flawed Sapphire Gem,341,820,468,58.4%,83.1K,12.80M,83.1K,0.555
604,Enchantment Turbo Wheat 2,59.2K,500.0K,434.6K,88.2%,62,88,62,0.555
605,Foul Flesh,24.3K,30.0K,5.3K,19.0%,86.5K,154.6K,86.5K,0.555
606,Horn Of Taurus,501,1.3K,825,62.7%,41.8K,194.6K,41.8K,0.555
607,Glacite Jewel,58.5K,67.0K,7.6K,12.6%,143.7K,237.0K,143.7K,0.555
608,Treasure Bait,1.2K,2.4K,1.2K,51.3%,363.4K,44.0K,44.0K,0.555
609,Cheese Fuel,10.4K,11.8K,1.2K,11.7%,1.04M,896.9K,896.9K,0.555
610,Shard Mimic,701.3K,897.7K,185.1K,21.9%,11.2K,2.4K,2.4K,0.555
611,Precursor Apparatus,959.8K,1.09M,113.9K,11.7%,42.5K,13.2K,13.2K,0.555
612,Shard Carrot King,136.7K,259.7K,119.8K,47.4%,3.6K,718,718,0.555
613,Enchantment Turbo Sunflower 3,283.1K,3.42M,3.10M,91.7%,48,9,9,0.555
614,Pet Item Toy Jerry,5.0K,122.9K,116.3K,95.9%,254,173,173,0.555
615,Enchantment Turbo Moonflower 5,5.00M,9.82M,4.70M,49.1%,401,22,22,0.555
616,Obsidian,7,19,11,61.1%,2.22M,29.02M,2.22M,0.555
617,Ice,0,6,5,88.1%,2.03M,8.12M,2.03M,0.555
618,Prickly Kiss,3.2K,5.0K,1.8K,36.8%,156.8K,59.0K,59.0K,0.554
619,Goblin Egg Red,21.4K,27.5K,5.8K,22.2%,55.4K,128.9K,55.4K,0.554
620,Enchantment Protection 7,37.88M,52.27M,13.73M,27.5%,159,26,26,0.554
621,Magma Fish Diamond,8.51M,10.39M,1.75M,18.1%,976,415,415,0.554
622,Skymart Brochure,124.3K,250.0K,122.6K,50.3%,3.0K,602,602,0.554
623,Wishing Compass,0,22,21,99.1%,460.6K,2.26M,460.6K,0.554
624,Enchantment Vicious 5,32.22M,39.71M,6.99M,18.9%,290,105,105,0.554
625,Thorn Fragment,8.9K,13.6K,4.6K,34.7%,27.2K,43.8K,27.2K,0.554
626,Shard Phanpyre,38.4K,47.8K,8.8K,19.6%,96.6K,47.9K,47.9K,0.554
627,Enchantment Reflection 3,2.0K,2.00M,1.97M,99.9%,25,11,11,0.554
628,Tarantula Catalyst,153.0K,219.0K,63.2K,30.1%,3.1K,3.8K,3.1K,0.554
629,Enchantment Ultimate Last Stand 5,1.53M,2.05M,497.5K,25.5%,4.6K,648,648,0.554
630,Enchantment Turbo Warts 3,77,500.0K,493.7K,100.0%,49,39,39,0.553
631,Enchantment Ultimate Flowstate 3,1.0K,50.0K,48.4K,98.0%,3.1K,351,351,0.553
632,Shard Boreal Owl,352.2K,455.2K,97.3K,22.6%,6.9K,3.7K,3.7K,0.553
633,Enchanted Spider Eye,805,1.0K,201,21.0%,1.34M,6.24M,1.34M,0.553
634,Enchantment Cleave 6,17.81M,24.31M,6.20M,26.7%,155,55,55,0.553
635,Enchantment Vicious 4,3.31M,35.00M,31.25M,90.5%,0,0,0,0.553
636,Enchantment Dragon Hunter 6,3.00M,5.12M,2.06M,41.5%,852,62,62,0.553
637,Magma Urchin,11.87M,13.50M,1.46M,12.1%,1.7K,1.1K,1.1K,0.553
638,Kuudra Teeth,10.0K,12.2K,2.0K,18.0%,211.0K,260.8K,211.0K,0.553
639,Golden Bait,21.3K,45.1K,23.2K,52.8%,6.2K,2.4K,2.4K,0.553
640,Magma Cream,4,18,13,77.2%,1.08M,7.25M,1.08M,0.553
641,Enchantment Mana Steal 3,9.6K,100.5K,89.6K,90.5%,1.2K,225,225,0.553
642,Essence Crimson,1.1K,1.1K,52,5.9%,171.98M,61.34M,61.34M,0.552
643,Lushlilac Bonbon,1,4.0K,3.9K,100.0%,4.9K,3.3K,3.3K,0.552
644,Enchanted Lapis Lazuli,587,744,146,21.0%,1.73M,2.99M,1.73M,0.552
645,Enchantment Lapidary 5,3.71M,6.50M,2.71M,43.0%,384,43,43,0.552
646,Cobblestone,0,1,1,93.7%,5.71M,66.12M,5.71M,0.552
647,Shard Tank Zombie,33.0K,41.7K,8.2K,20.9%,48.0K,41.2K,41.2K,0.552
648,Wolf Tooth,891,1.2K,259,23.5%,792.0K,15.48M,792.0K,0.552
649,Enchanted Birch Log,281,399,112,29.5%,1.08M,1.89M,1.08M,0.552
650,Moonglade Jewel,400.0K,657.3K,249.0K,39.1%,1.7K,470,470,0.552
651,Enchantment Ultimate First Impression 3,3.5K,130.0K,124.9K,97.3%,149,137,137,0.552
652,Enchantment Delicate 5,2.09M,2.70M,574.6K,22.6%,2.6K,666,666,0.552
653,Enchantment Sunder 1,5.0K,54.2K,48.5K,90.8%,877,376,376,0.551
654,Catalyst,101.3K,160.0K,56.7K,36.7%,8.2K,2.1K,2.1K,0.551
655,Enchantment Prosperity 5,7.00M,42.00M,34.47M,83.3%,88,0,0,0.551
656,Enchantment Ultimate First Impression 4,32.5K,387.8K,350.4K,91.6%,58,69,58,0.551
657,Shard Wartybug,2.09M,2.75M,630.7K,24.2%,2.3K,515,515,0.551
658,Enchantment Smoldering 2,2.00M,16.50M,14.29M,87.9%,8,2,2,0.551
659,Frigid Husk,7.00M,11.10M,3.96M,36.9%,127,39,39,0.551
660,Enchanted Rabbit Foot,540,782,231,30.9%,479.8K,3.05M,479.8K,0.551
661,Enchantment Turbo Potato 3,3.0K,404.5K,396.4K,99.3%,55,43,43,0.551
662,Pumpkin Bomb,8.0K,10.1K,2.0K,21.2%,153.3K,138.2K,138.2K,0.551
663,Displaced Leech,99.1K,181.8K,80.4K,45.5%,2.9K,927,927,0.550
664,Log,3,10,6,63.7%,3.05M,18.86M,3.05M,0.550
665,Giant Bouncy Beach Ball,100.0K,357.3K,252.8K,72.0%,124,228,124,0.550
666,Daedalus Notes,6.71M,40.00M,32.79M,83.2%,14,0,0,0.550
667,Pet Item Chocolate Syringe,2,24.5K,24.2K,100.0%,556,562,556,0.550
668,Enchantment Hardened Mana 5,262.0K,350.0K,83.6K,25.1%,3.0K,4.2K,3.0K,0.550
669,Flawless Peridot Gem,4.15M,4.52M,311.0K,8.1%,23.5K,8.9K,8.9K,0.550
670,Griffin Feather,189.2K,205.6K,13.8K,8.0%,312.4K,166.8K,166.8K,0.550
671,Amalgamated Crimsonite New,67.0K,101.8K,33.5K,34.2%,10.8K,3.7K,3.7K,0.550
672,Red Gift,20.0K,23.1K,2.8K,13.4%,251.8K,299.1K,251.8K,0.550
673,Arrow Bundle Magma,38.1K,57.2K,18.4K,33.3%,9.1K,6.7K,6.7K,0.550
674,Salmon Opal,53,3.5K,3.5K,98.5%,3.4K,9.1K,3.4K,0.550
675,Shard Sea Archer,2.3K,3.2K,851,27.9%,279.4K,167.9K,167.9K,0.550
676,Pet Item Exp Share Drop,957.9K,1.39M,410.9K,30.9%,437,523,437,0.550
677,Jungle Key,100.0K,117.6K,16.1K,14.9%,49.7K,39.4K,39.4K,0.550
678,Corleonite,724.4K,826.1K,91.3K,12.3%,16.5K,11.7K,11.7K,0.550
679,Enchantment Rejuvenate 4,115.9K,236.6K,117.7K,51.0%,495,635,495,0.550
680,Hallowed Skull,11.3K,16.4K,4.9K,31.2%,25.8K,31.0K,25.8K,0.549
681,Super Egg,23.2K,35.0K,11.3K,33.6%,10.2K,21.1K,10.2K,0.549
682,Enchantment Mana Vampire 3,120.6K,396.6K,271.0K,69.6%,119,259,119,0.549
683,Petrified Starfall,450.0K,1.52M,1.05M,70.4%,298,33,33,0.549
684,Shard Minotaur,174.1K,288.0K,110.3K,39.6%,5.1K,870,870,0.549
685,Tiger Shark Tooth,46.9K,69.5K,21.8K,32.6%,13.0K,5.8K,5.8K,0.549
686,Enchantment Hardened Mana 4,32,153.9K,151.9K,100.0%,96,219,96,0.549
687,Enchantment Turbo Cactus 1,0,2.7K,2.7K,100.0%,4.1K,9.1K,4.1K,0.549
688,Shard Hideoncave,173.2K,240.0K,63.8K,27.8%,27.2K,3.0K,3.0K,0.549
689,Enchantment Mana Vampire 6,900.0K,3.34M,2.40M,73.1%,374,14,14,0.549
690,Enchantment Hardened Mana 6,317.5K,1.60M,1.26M,80.2%,247,21,21,0.549
691,Enchantment Turbo Mushrooms 4,57,648.2K,640.1K,100.0%,89,25,25,0.549
692,Giant Fragment Boulder,48.0K,64.1K,15.3K,25.1%,13.7K,25.9K,13.7K,0.549
693,Startlevine,3.78M,4.66M,825.1K,18.9%,2.8K,599,599,0.549
694,Enchanted Poppy,1.9K,3.7K,1.8K,49.5%,24.7K,41.8K,24.7K,0.549
695,Bat Firework,131.8K,200.0K,65.7K,34.1%,4.7K,1.9K,1.9K,0.549
696,Shard Star Sentry,24.3K,32.8K,8.0K,25.8%,62.0K,23.2K,23.2K,0.548
697,Large Witch Cauldron,60.00M,135.00M,73.31M,55.6%,7,1,1,0.548
698,Shard Night Squid,24.1K,35.2K,10.6K,31.4%,54.6K,11.8K,11.8K,0.548
699,Shard Bal,197.9K,263.0K,61.8K,24.7%,9.9K,3.7K,3.7K,0.548
700,Enchantment Prosperity 3,1,20.00M,19.75M,100.0%,2,0,0,0.548
701,Enchantment Respite 3,30.0K,81.0K,50.0K,63.0%,667,1.2K,667,0.548
702,Enchantment Hardened Mana 7,6.7K,2.92M,2.87M,99.8%,167,6,6,0.548
703,Enchantment Smoldering 4,20.00M,65.00M,44.19M,69.2%,4,0,0,0.548
704,Enchantment Infinite Quiver 9,1.0K,236.6K,232.6K,99.6%,62,70,62,0.548
705,Enchanted Eye Of Ender,7.3K,8.5K,1.1K,14.1%,543.9K,500.4K,500.4K,0.548
706,Enchantment Ultimate Wisdom 4,643.8K,1.67M,1.00M,61.4%,118,43,43,0.548
707,Enchanted Blaze Powder,1.6K,1.9K,314,17.6%,1.00M,1.48M,1.00M,0.548
708,Enchantment Tidal 2,100.0K,19.94M,19.59M,99.5%,0,0,0,0.548
709,Enchantment Turbo Pumpkin 2,555,187.0K,184.1K,99.7%,83,76,76,0.548
710,Enchantment Ferocious Mana 1,100.0K,203.2K,100.7K,50.8%,531,913,531,0.548
711,Enchantment Ultimate Bobbin Time 5,122.90M,230.00M,104.22M,46.6%,23,0,0,0.548
712,Griffin Upgrade Stone Legendary,13.65M,52.00M,37.70M,73.7%,2,0,0,0.548
713,Thunder Shards,50.7K,64.2K,12.7K,21.0%,22.8K,22.2K,22.2K,0.548
714,Enchantment Ultimate Refrigerate 1,2.40M,2.92M,486.1K,17.9%,1.9K,1.0K,1.0K,0.547
715,Severed Pincer,1.55M,2.72M,1.14M,43.0%,213,77,77,0.547
716,Shard Cascade,118.7K,169.0K,48.2K,29.8%,13.7K,3.1K,3.1K,0.547
717,Shard Arachne,102.9K,134.0K,29.5K,23.2%,8.3K,8.1K,8.1K,0.547
718,Goblin Egg,5.7K,6.9K,1.1K,17.4%,306.1K,503.8K,306.1K,0.547
719,Thornshade,320.4K,411.9K,86.3K,22.2%,10.7K,3.2K,3.2K,0.547
720,Frozen Scute,4.25M,5.88M,1.56M,27.7%,258,139,139,0.547
721,Enchantment Prosperity 1,1.50M,2.03M,508.9K,26.3%,1.0K,440,440,0.547
722,Electron Transmitter,135.8K,167.6K,29.6K,18.9%,12.1K,32.6K,12.1K,0.547
723,Enchantment Ice Cold 5,52.11M,71.27M,18.27M,26.9%,88,15,15,0.547
724,Shard Mossybit,29.2K,37.5K,7.8K,22.0%,52.1K,30.1K,30.1K,0.547
725,Fake Shuriken,40.4K,48.2K,7.2K,16.2%,106.6K,60.6K,60.6K,0.546
726,Enchantment Sunder 4,12,1.53M,1.51M,100.0%,31,10,10,0.546
727,Flaming Heart,100,447,341,77.6%,41.1K,474.2K,41.1K,0.546
728,Corrupted Nether Star,66.5K,73.6K,6.2K,9.7%,196.5K,204.9K,196.5K,0.546
729,Shard Moltenfish,600.0K,863.4K,252.6K,30.5%,2.4K,602,602,0.546
730,Shard Troglobyte,54.0K,70.0K,15.1K,22.8%,81.4K,14.9K,14.9K,0.546
731,Shard Praying Mantis,75.4K,99.2K,22.6K,24.0%,93.5K,9.1K,9.1K,0.546
732,Bulky Stone,100.1K,5.77M,5.60M,98.3%,18,3,3,0.546
733,Shard Xyz,49.6K,61.9K,11.6K,20.0%,83.3K,24.5K,24.5K,0.546
734,Enchantment Ultimate Refrigerate 5,35.59M,50.00M,13.78M,28.8%,201,16,16,0.546
735,Oil Barrel,4.0K,4.9K,804,17.6%,373.5K,577.6K,373.5K,0.545
736,Shard Moray Eel,310.5K,500.0K,183.2K,37.9%,6.8K,500,500,0.545
737,Shard Cod,2.0K,2.5K,437,18.8%,573.3K,783.7K,573.3K,0.545
738,Enchantment Ultimate Soul Eater 4,5.98M,10.50M,4.39M,43.1%,73,20,20,0.545
739,Shard Starborn,7.18M,9.24M,1.94M,22.2%,1.6K,166,166,0.545
740,Enchantment Turbo Pumpkin 4,7.3K,900.0K,881.4K,99.2%,66,16,16,0.545
741,Mithril Ore,6,12,4,42.5%,6.83M,572.01M,6.83M,0.545
742,Fine Onyx Gem,25.6K,30.0K,4.1K,14.9%,114.2K,506.9K,114.2K,0.545
743,Enchantment Ultimate Flash 4,19.39M,60.00M,39.86M,67.7%,1,1,1,0.545
744,Snoozling,5.47M,6.54M,986.5K,16.3%,3.1K,573,573,0.545
745,Shard Flash,40.5K,53.8K,12.7K,24.8%,75.0K,13.7K,13.7K,0.544
746,Wool,0,10,9,99.0%,622.7K,3.89M,622.7K,0.544
747,Water Orb,96.1K,247.2K,148.0K,61.1%,805,219,219,0.544
748,Enchantment Smoldering 3,7.64M,36.00M,27.91M,78.8%,13,0,0,0.544
749,Enchantment Overload 4,666.8K,7.00M,6.25M,90.5%,37,3,3,0.544
750,Sea Lumies,461,746,275,38.1%,193.3K,5.47M,193.3K,0.544
751,Enchantment Ultimate Swarm 4,1.79M,7.20M,5.32M,75.2%,23,5,5,0.544
752,Enchantment Turbo Rose 2,36.0K,410.3K,369.2K,91.2%,59,40,40,0.544
753,Torn Cloth,194.0K,246.0K,48.9K,21.1%,5.2K,10.0K,5.2K,0.544
754,Enchanted Hopper,270.0K,320.0K,46.0K,15.6%,19.3K,10.3K,10.3K,0.544
755,Enchantment Ultimate Inferno 2,13.3K,16.00M,15.79M,99.9%,0,0,0,0.543
756,Wither Shield Scroll,223.42M,236.89M,10.51M,5.7%,554,515,515,0.543
757,Shard Etherdrake,1.54M,1.89M,320.8K,18.2%,3.5K,1.2K,1.2K,0.543
758,Flawed Peridot Gem,580,990,397,41.4%,111.7K,14.49M,111.7K,0.543
759,Enchantment Tidal 1,1.27M,2.65M,1.34M,51.8%,75,37,37,0.543
760,Enchantment Ferocious Mana 3,60.0K,222.2K,159.4K,73.0%,132,218,132,0.543
761,Large Enchanted Chest,316.5K,392.2K,70.9K,19.3%,9.4K,4.3K,4.3K,0.543
762,Enchantment Turbo Pumpkin 3,1.5K,360.7K,354.7K,99.6%,121,33,33,0.543
763,Enchantment Smarty Pants 3,422.9K,2.40M,1.95M,82.4%,43,10,10,0.543
764,Millenia Old Blaze Ashes,1.3K,3.7K,2.4K,65.5%,8.1K,43.2K,8.1K,0.543
765,Enchantment Quantum 5,1.86M,3.58M,1.67M,47.9%,309,35,35,0.543
766,Enchanted Moonflower,627,720,84,12.9%,5.07M,90.04M,5.07M,0.543
767,Shard Rain Slime,11.9K,16.4K,4.3K,27.4%,65.8K,28.2K,28.2K,0.543
768,Lumino Fiber,484.7K,592.6K,100.4K,18.2%,3.5K,3.6K,3.5K,0.543
769,Raw Beef,0,2,2,96.3%,2.10M,7.81M,2.10M,0.543
770,Fel Pearl,8.9K,12.2K,3.1K,26.9%,38.9K,177.5K,38.9K,0.542
771,Moonflower,1,3,2,70.3%,3.99M,246.30M,3.99M,0.542
772,Enchantment Turbo Carrot 3,401,364.7K,359.7K,99.9%,69,32,32,0.542
773,Shard Tortoise,150.0K,230.0K,77.1K,34.8%,20.8K,1.2K,1.2K,0.542
774,Chocolate Chip,370.0K,552.2K,175.3K,33.0%,1.1K,602,602,0.542
775,Essence Gold,521,582,53,10.4%,12.02M,13.25M,12.02M,0.542
776,Molten Powder,285.6K,318.9K,29.3K,10.4%,146.1K,33.5K,33.5K,0.542
777,Shard Condor,341.7K,552.0K,203.4K,38.1%,3.4K,387,387,0.542
778,Blue Ice Hunk,123.8K,145.9K,20.3K,15.2%,21.7K,34.9K,21.7K,0.542
779,Ectoplasm,174.6K,199.2K,22.2K,12.4%,30.3K,35.4K,30.3K,0.542
780,Enchantment Quick Bite 2,76.9K,15.00M,14.74M,99.5%,5,0,0,0.542
781,Shard Caiman,250.3K,351.2K,96.5K,28.7%,12.0K,1.4K,1.4K,0.542
782,Enchantment Cayenne 4,5.00M,13.90M,8.73M,64.0%,24,4,4,0.542
783,Shard Seagull,120.5K,188.9K,66.0K,36.2%,14.3K,1.2K,1.2K,0.542
784,Enchantment Ultimate Soul Eater 1,852.2K,984.4K,119.9K,13.4%,5.2K,26.6K,5.2K,0.541
785,Shard Mist,22.7K,31.0K,7.9K,26.9%,85.9K,15.7K,15.7K,0.541
786,Condensed Fermento,2.13M,2.42M,262.6K,12.1%,11.3K,3.1K,3.1K,0.541
787,Sulphuric Coal,7.0K,8.3K,1.2K,15.3%,295.7K,378.4K,295.7K,0.541
788,Enchantment Turbo Carrot 4,16.0K,733.3K,708.2K,97.8%,42,17,17,0.541
789,Shard Rana,41.8K,80.0K,37.2K,47.7%,11.5K,1.1K,1.1K,0.541
790,Iridium,4.7K,15.0K,10.1K,68.7%,1.8K,3.0K,1.8K,0.541
791,Enchanted Netherrack,80,330,246,75.8%,46.5K,508.0K,46.5K,0.541
792,Kelvin Inverter,93.0K,163.5K,68.4K,43.1%,794,6.1K,794,0.541
793,Octopus Tendril,2.79M,4.00M,1.16M,30.2%,176,118,118,0.541
794,Enchantment Mana Vampire 2,37.7K,133.5K,94.2K,71.8%,206,307,206,0.541
795,Enchantment Green Thumb 3,8.13M,11.78M,3.50M,31.0%,643,40,40,0.541
796,Flawless Opal Gem,2.11M,2.57M,435.3K,18.2%,1.5K,830,830,0.541
797,Light Bait,713,2.6K,1.9K,72.7%,7.6K,13.0K,7.6K,0.541
798,Enchanted Sulphur,1.4K,1.7K,265,16.5%,971.8K,3.72M,971.8K,0.541
799,Bone,0,4,3,86.0%,1.76M,17.71M,1.76M,0.541
800,Protector Fragment,7.3K,9.8K,2.4K,25.3%,53.4K,92.4K,53.4K,0.541
801,Enchantment Charm 1,15.2K,34.0K,18.4K,55.3%,1.6K,6.0K,1.6K,0.541
802,Fleshtrap,275.5K,352.3K,72.3K,21.8%,8.7K,3.0K,3.0K,0.541
803,Enchantment Forest Pledge 3,291.8K,500.0K,201.9K,41.6%,789,305,305,0.541
804,Volcanic Rock,2.00M,2.36M,333.2K,15.4%,1.5K,2.9K,1.5K,0.540
805,Giant Fragment Diamond,580.7K,649.7K,60.9K,10.6%,15.1K,21.2K,15.1K,0.540
806,Magma Core,380.8K,479.8K,93.0K,20.6%,6.3K,2.6K,2.6K,0.540
807,Flawed Ruby Gem,277,470,186,40.9%,203.6K,6.47M,203.6K,0.540
808,Moonstone,690.9K,1.50M,790.7K,54.0%,505,49,49,0.540
809,Plot Eraser,19.8K,35.0K,14.8K,43.5%,14.6K,3.0K,3.0K,0.540
810,Enchantment Strong Mana 3,433.0K,755.3K,312.9K,42.7%,186,309,186,0.540
811,Enchantment Ultimate Wisdom 3,347.5K,694.9K,338.8K,50.0%,223,124,124,0.540
812,Griffin Upgrade Stone Uncommon,838.0K,4.50M,3.61M,81.4%,11,5,5,0.539
813,Enchantment Ultimate Bank 4,600,200.0K,196.9K,99.7%,78,49,49,0.539
814,Enchantment Paleontologist 3,341.4K,2.55M,2.18M,86.6%,9,7,7,0.539
815,Jerry Box Green,97.5K,134.0K,34.8K,27.2%,11.0K,3.5K,3.5K,0.539
816,Enchantment Charm 4,6.1K,4.00M,3.94M,99.8%,5,3,3,0.539
817,Huge Mushroom 1,31,247,213,87.2%,36.4K,143.1K,36.4K,0.539
818,Enchantment Smoldering 1,3.94M,4.50M,501.3K,12.4%,2.2K,1.5K,1.5K,0.539
819,Enchantment Turbo Coco 5,100.0K,404.8K,299.7K,75.3%,438,58,58,0.539
820,Essence Wither,2.6K,2.7K,107,5.2%,21.76M,24.25M,21.76M,0.539
821,Enchantment Turbo Sunflower 2,368.2K,1.22M,831.8K,69.7%,69,26,26,0.539
822,Shard Water Hydra,168.5K,213.7K,42.6K,21.2%,18.7K,4.7K,4.7K,0.539
823,Enchantment Ultimate Crop Fever 2,3.06M,5.44M,2.32M,43.8%,184,26,26,0.539
824,Enchantment Growth 7,51.00M,60.00M,8.25M,15.0%,177,72,72,0.539
825,Hamster Wheel,19.3K,22.5K,2.9K,14.0%,134.1K,162.2K,134.1K,0.538
826,Ancient Claw,192,388,191,50.5%,119.7K,815.4K,119.7K,0.538
827,Dragon Scale,20,10.7K,10.5K,99.8%,711,883,711,0.538
828,Mangcore,206.1K,245.0K,35.9K,15.9%,20.3K,9.9K,9.9K,0.538
829,Enchanted Cake,5.1K,39.7K,34.1K,87.3%,312,325,312,0.538
830,Enchantment Ultimate First Impression 2,0,72.3K,71.4K,100.0%,118,195,118,0.538
831,Enchantment Reflection 4,438.5K,4.00M,3.51M,89.0%,10,4,4,0.538
832,Guardian Lucky Block,2.96M,3.80M,788.6K,22.0%,640,281,281,0.538
833,Enchantment Ultimate Wise 1,88.8K,105.8K,15.7K,16.1%,20.2K,129.5K,20.2K,0.538
834,Enchantment Ultimate Habanero Tactics 5,183.20M,243.90M,57.66M,24.9%,82,4,4,0.538
835,Generator Upgrade Stone Clay 12,12.15M,15.00M,2.66M,19.0%,319,121,121,0.538
836,Spider Eye,1,7,5,77.0%,1.22M,22.87M,1.22M,0.537
837,Silver Fang,7.9K,9.6K,1.6K,18.3%,419.6K,125.4K,125.4K,0.537
838,Flames,49.4K,66.3K,16.1K,25.5%,7.6K,13.7K,7.6K,0.537
839,Enchantment Reflection 2,1.0K,900.1K,887.8K,99.9%,12,11,11,0.537
840,Enchantment Ultimate Reiterate 4,3.00M,20.00M,16.75M,85.0%,7,0,0,0.537
841,Enchantment Quantum 3,354.2K,547.5K,186.5K,35.3%,802,393,393,0.537
842,Shard Dreadwing,53.0K,68.8K,14.9K,23.0%,15.4K,9.9K,9.9K,0.537
843,Enchantment Pristine 3,2.25M,18.00M,15.52M,87.5%,2,1,1,0.537
844,Enchanted Raw Beef,524,651,118,19.4%,1.23M,2.80M,1.23M,0.537
845,Enchantment Transylvanian 4,129.5K,365.3K,231.2K,64.5%,92,95,92,0.537
846,Enchanted Ancient Claw,32.0K,38.9K,6.4K,17.7%,70.2K,36.5K,36.5K,0.537
847,Enchantment Hecatomb 1,5.14M,6.00M,789.7K,14.4%,1.8K,629,629,0.536
848,Hotspot Water Orb,11.20M,18.62M,7.19M,39.9%,57,10,10,0.536
849,Enchantment Ultimate Flash 2,4.91M,14.00M,8.92M,64.9%,8,3,3,0.536
850,Griffin Upgrade Stone Epic,7.78M,19.00M,10.99M,59.1%,9,3,3,0.536
851,Fermento,247.5K,267.3K,16.4K,7.4%,89.3K,159.0K,89.3K,0.536
852,Perfect Peridot Gem,27.12M,29.00M,1.52M,6.5%,4.3K,1.7K,1.7K,0.536
853,Enchantment Luck 7,22.00M,27.40M,5.06M,19.7%,143,58,58,0.536
854,Blue Ring,427.2K,487.5K,54.3K,12.4%,12.3K,10.2K,10.2K,0.536
855,Enchantment Scavenger 4,3.1K,24.7K,21.2K,87.2%,825,442,442,0.536
856,Shard Ladybug,270.1K,355.0K,80.5K,23.9%,19.4K,1.8K,1.8K,0.536
857,Kismet Feather,1.19M,1.25M,43.3K,4.7%,161.7K,90.8K,90.8K,0.536
858,Enchantment Pristine 1,1.21M,1.86M,625.7K,34.9%,565,124,124,0.536
859,Prismarine Crystals,586,840,243,30.2%,243.4K,8.64M,243.4K,0.536
860,Perfect Sapphire Gem,13.51M,14.98M,1.28M,9.8%,3.4K,855,855,0.536
861,Enchantment Tidal 3,6.18M,12.00M,5.67M,48.5%,67,8,8,0.536
862,Enchantment Ultimate Rend 5,925.0K,7.78M,6.76M,88.1%,73,2,2,0.536
863,Mithril Plate,5.07M,5.45M,312.3K,7.0%,12.9K,6.3K,6.3K,0.536
864,Enchantment Ultimate Inferno 1,7.50M,9.44M,1.82M,20.5%,223,134,134,0.535
865,Minnow Bait,1,29,27,94.9%,170.7K,387.4K,170.7K,0.535
866,Hot Potato Book,72.4K,82.6K,9.1K,12.3%,236.0K,51.3K,51.3K,0.535
867,Enchantment Ultimate Soul Eater 2,763.7K,2.00M,1.21M,61.8%,71,20,20,0.535
868,Enchantment Ultimate Soul Eater 3,2.91M,4.99M,2.02M,41.7%,163,28,28,0.535
869,Enchantment Turbo Cactus 5,67.6K,213.8K,143.4K,68.4%,464,118,118,0.535
870,Fifth Master Star,117.67M,125.21M,5.97M,6.0%,734,540,540,0.535
871,Brimstone Handle,80.3K,286.3K,202.5K,72.0%,98,77,77,0.535
872,Essence Forest,803,859,45,6.6%,25.22M,24.95M,24.95M,0.535
873,Shard Bramble,77.5K,103.3K,24.5K,25.0%,25.0K,4.7K,4.7K,0.535
874,Shard Matcho,64.6K,86.2K,20.5K,25.0%,20.3K,5.6K,5.6K,0.535
875,Fateful Stinger,14.19M,17.98M,3.56M,21.1%,346,66,66,0.535
876,Tungsten Key,3.46M,3.76M,261.0K,8.2%,18.0K,5.2K,5.2K,0.535
877,Shard Goldfin,45.1K,71.9K,25.9K,37.3%,24.0K,2.0K,2.0K,0.535
878,Enchantment Strong Mana 2,179.0K,370.0K,186.4K,51.6%,162,375,162,0.535
879,Jerry Box Golden,635.6K,922.7K,275.6K,31.1%,2.2K,318,318,0.535
880,Golden Fragment,6.18M,7.21M,945.3K,14.4%,1.5K,492,492,0.535
881,Enchanted Titanium,17.0K,18.4K,1.2K,7.6%,1.02M,899.7K,899.7K,0.534
882,Glowstone Dust,1,7,5,76.0%,1.15M,7.62M,1.15M,0.534
883,Enchantment Turbo Carrot 2,0,175.0K,172.8K,100.0%,44,63,44,0.534
884,Enchantment Ultimate Wise 3,285.0K,572.0K,279.8K,50.2%,340,115,115,0.534
885,Enchanted Feather,386,508,116,24.1%,712.4K,4.67M,712.4K,0.534
886,Shard Lizard King,144.9K,190.0K,42.7K,23.7%,28.4K,3.0K,3.0K,0.534
887,Sunflower Oil,6.3K,8.0K,1.6K,21.4%,194.2K,78.6K,78.6K,0.534
888,Shard Falcon,300.0K,400.0K,95.0K,25.0%,6.4K,1.3K,1.3K,0.534
889,Fig Log,2,7,5,66.8%,1.57M,320.37M,1.57M,0.534
890,Enchantment Ferocious Mana 8,500.0K,11.50M,10.86M,95.7%,27,0,0,0.534
891,Shard Naga,221.9K,309.0K,83.2K,28.2%,10.0K,1.1K,1.1K,0.534
892,White Gift,4.7K,5.4K,652,13.4%,467.6K,1.84M,467.6K,0.534
893,Shard Hideondra,353.7K,442.7K,83.5K,20.1%,7.4K,2.2K,2.2K,0.533
894,Enchantment Strong Mana 6,2.63M,7.99M,5.26M,67.1%,219,4,4,0.533
895,Fuel Gabagool,14.4K,20.5K,5.8K,29.7%,29.2K,11.9K,11.9K,0.533
896,Enchanted Brown Mushroom,1.6K,1.7K,101,7.3%,9.07M,65.36M,9.07M,0.533
897,Enchanted Glacite,1.8K,2.1K,235,12.6%,1.35M,5.17M,1.35M,0.533
898,Lava Water Orb,684.3K,1.69M,983.0K,59.5%,93,24,24,0.533
899,Shard Fire Eel,74.0K,86.4K,11.3K,14.4%,56.5K,27.8K,27.8K,0.533
900,Enchanted Carrot,481,537,48,10.3%,8.61M,100.19M,8.61M,0.533
901,Ink Sack:4,2,5,3,63.2%,2.51M,75.46M,2.51M,0.533
902,Sunstone,900.0K,1.86M,939.3K,51.7%,1.2K,33,33,0.533
903,Enchantment Ultimate Rend 1,221.9K,404.3K,177.4K,45.1%,205,666,205,0.533
904,Enchantment Ultimate Fatal Tempo 1,91.94M,103.69M,10.46M,11.3%,158,79,79,0.533
905,Enchantment Turbo Cane 4,0,478.3K,472.3K,100.0%,37,16,16,0.533
906,Shard Firefly,218.1K,267.0K,45.5K,18.3%,37.3K,4.6K,4.6K,0.533
907,Diver Fragment,3.65M,4.01M,314.3K,9.1%,3.9K,3.2K,3.2K,0.532
908,Enchantment Ultimate Legion 3,6.42M,9.50M,2.97M,32.5%,381,29,29,0.532
909,Shard Sparrow,122.4K,163.1K,38.7K,24.9%,33.3K,2.8K,2.8K,0.532
910,Glacite Amalgamation,1.33M,1.45M,106.0K,8.5%,15.3K,9.9K,9.9K,0.532
911,Severed Hand,8.92M,11.00M,1.94M,18.9%,449,129,129,0.532
912,Enchantment Ultimate Refrigerate 3,7.50M,13.50M,5.83M,44.4%,163,8,8,0.532
913,Fine Sapphire Gem,29.5K,32.4K,2.5K,8.9%,289.7K,577.4K,289.7K,0.532
914,Enchantment Fire Protection 7,1.31M,2.07M,729.4K,36.5%,114,82,82,0.532
915,Essence Dragon,3.1K,3.4K,181,6.7%,5.97M,6.05M,5.97M,0.532
916,Filled Rosewater Flask,12.07M,13.46M,1.22M,10.3%,4.0K,684,684,0.532
917,Solar Panel,49.9K,130.0K,78.5K,61.6%,273,219,219,0.532
918,Shard Molthorn,8.07M,9.30M,1.12M,13.3%,1.8K,431,431,0.532
919,Fine Topaz Gem,27.0K,30.9K,3.5K,12.6%,99.4K,289.4K,99.4K,0.531
920,Shard Iguana,459.9K,628.4K,160.7K,26.8%,6.6K,603,603,0.531
921,Enchantment Absorb 1,3.31M,4.07M,709.3K,18.7%,1.3K,318,318,0.531
922,Goblin Egg Yellow,8.2K,10.6K,2.2K,22.4%,46.0K,148.7K,46.0K,0.531
923,Burning Eye,852,1.3K,384,32.0%,113.8K,1.01M,113.8K,0.531
924,Shard Piranha,30.0K,35.8K,5.4K,16.2%,57.5K,39.3K,39.3K,0.531
925,Fine Amber Gem,27.6K,30.6K,2.7K,9.9%,205.8K,471.1K,205.8K,0.531
926,Blaze Rod Distillate,5.0K,12.6K,7.4K,60.2%,2.0K,3.8K,2.0K,0.530
927,Enchantment Ultimate Last Stand 2,146.8K,186.4K,37.3K,21.3%,3.7K,29.3K,3.7K,0.530
928,Enchantment Turbo Melon 5,655.0K,1.14M,471.0K,42.6%,1.0K,84,84,0.530
929,Enchantment Ultimate Flash 3,12.94M,25.50M,12.24M,49.3%,8,3,3,0.530
930,Rough Jade Gem,0,6,5,89.1%,685.7K,133.47M,685.7K,0.530
931,Enchantment Turbo Cane 3,3,158.8K,156.9K,100.0%,106,40,40,0.530
932,Bronze Bowl,5.2K,8.1K,2.9K,36.4%,13.1K,17.1K,13.1K,0.530
933,Ethereal Vine,20.4K,22.2K,1.6K,8.3%,514.2K,481.3K,481.3K,0.530
934,Enchantment Ultimate Refrigerate 2,3.43M,7.46M,3.94M,54.0%,70,7,7,0.530
935,Enchantment Ultimate Flowstate 1,5,1.6K,1.6K,99.7%,2.9K,11.2K,2.9K,0.530
936,Enchantment Cultivating 1,3.53M,3.86M,289.2K,8.7%,5.9K,3.3K,3.3K,0.530
937,Helianthus,1.60M,1.68M,58.3K,4.7%,52.0K,120.3K,52.0K,0.530
938,Feather,0,6,5,96.7%,549.1K,3.39M,549.1K,0.530
939,Rough Peridot Gem,4,24,19,81.0%,258.6K,123.52M,258.6K,0.530
940,Shard Dragonfly,1.04M,1.45M,392.7K,28.3%,10.8K,222,222,0.530
941,Enchantment Mana Vampire 10,16.00M,33.00M,16.59M,51.5%,70,2,2,0.530
942,Enchantment Turbo Rose 5,1.30M,3.24M,1.90M,59.8%,469,11,11,0.530
943,Refined Amber,249.5K,1.10M,831.9K,77.2%,88,14,14,0.530
944,Farming For Dummies,948.8K,1.00M,40.7K,5.3%,56.1K,107.7K,56.1K,0.529
945,Precious Pearl,450.3K,597.2K,139.5K,24.6%,766,893,766,0.529
946,Shard Crow,140.1K,173.5K,31.2K,19.2%,48.1K,5.1K,5.1K,0.529
947,Enchanted Sponge,1.9K,2.5K,661,27.2%,89.5K,1.35M,89.5K,0.529
948,Spooky Water Orb,890.0K,2.60M,1.68M,65.8%,53,10,10,0.529
949,Hazmat Enderman,4.9K,9.8K,4.8K,50.0%,6.3K,4.1K,4.1K,0.529
950,Chum,0,1,1,89.8%,1.92M,6.18M,1.92M,0.529
951,Wheat,3,6,2,42.4%,6.00M,674.16M,6.00M,0.529
952,Lucky Dice,446.2K,2.11M,1.64M,78.9%,147,7,7,0.529
953,Enchantment Ultimate Legion 2,3.68M,5.07M,1.33M,27.5%,137,74,74,0.529
954,Devourer,9.10M,10.43M,1.20M,12.7%,391,490,391,0.529
955,Green Gift,6.7K,8.1K,1.2K,16.6%,132.7K,303.7K,132.7K,0.529
956,Enchantment Prosperity 2,304.0K,8.64M,8.22M,96.5%,7,1,1,0.528
957,Enchantment Ultimate Reiterate 2,1.06M,3.85M,2.74M,72.4%,33,5,5,0.528
958,Shard Bambloom,149.3K,190.0K,38.3K,21.4%,20.1K,3.2K,3.2K,0.528
959,Enchanted Mangrove Log,1.3K,1.5K,159,12.2%,1.65M,4.33M,1.65M,0.528
960,Spider Catalyst,30.0K,42.4K,11.8K,29.2%,5.0K,5.3K,5.0K,0.528
961,Shard Burningsoul,85.8K,93.3K,6.3K,8.1%,202.1K,125.5K,125.5K,0.528
962,Enchantment Ultimate The One 5,72.75M,125.00M,50.69M,41.8%,32,1,1,0.528
963,Overgrown Grass,6.85M,7.42M,473.4K,7.6%,5.0K,2.5K,2.5K,0.528
964,Scuttler Shell,11.90M,18.08M,5.96M,34.2%,33,11,11,0.528
965,Enchantment Paleontologist 5,2.54M,4.51M,1.92M,43.8%,260,19,19,0.528
966,Medium Pig Ear,580.3K,816.0K,225.5K,28.9%,394,325,325,0.528
967,Enchantment Hardened Mana 3,20.0K,124.8K,103.2K,84.0%,75,236,75,0.528
968,Enchantment Overload 5,9.28M,11.87M,2.44M,21.8%,523,63,63,0.527
969,Implosion Scroll,222.72M,233.06M,7.43M,4.4%,609,585,585,0.527
970,Flawless Onyx Gem,1.52M,1.67M,130.9K,9.1%,7.1K,5.7K,5.7K,0.527
971,Egg,15,79,62,80.7%,77.8K,1.63M,77.8K,0.527
972,Auto Smelter,700,2.8K,2.1K,75.2%,5.0K,3.5K,3.5K,0.527
973,Rough Ruby Gem,1,7,6,82.4%,614.3K,75.72M,614.3K,0.527
974,Shark Bait,3,122,117,97.4%,29.2K,90.8K,29.2K,0.527
975,Enchanted Wheat,923,983,47,6.1%,20.21M,131.74M,20.21M,0.527
976,Midas Jewel,1.0K,33.3K,31.9K,97.0%,160,430,160,0.527
977,Shard Crocodile,311.0K,349.4K,34.0K,11.0%,26.7K,13.2K,13.2K,0.527
978,Shard Pest,17.5K,19.0K,1.3K,7.8%,821.2K,562.5K,562.5K,0.527
979,Enchantment Small Brain 5,5.65M,20.25M,14.35M,72.1%,25,0,0,0.527
980,Shard Daemon,1.27M,1.46M,169.8K,12.9%,11.9K,2.1K,2.1K,0.526
981,Enchantment Hardened Mana 8,500,7.00M,6.91M,100.0%,13,0,0,0.526
982,Fine Peridot Gem,53.8K,57.0K,2.4K,5.5%,706.4K,630.7K,630.7K,0.526
983,Enchantment Ferocious Mana 10,12.08M,23.15M,10.78M,47.8%,57,3,3,0.526
984,Nightswitch,31,40.0K,39.5K,99.9%,120,623,120,0.526
985,Condensed Helianthus,14.65M,15.87M,1.01M,7.6%,7.6K,1.2K,1.2K,0.526
986,Enchantment Ultimate Jerry 5,6.9K,100.0K,91.9K,93.1%,215,63,63,0.526
987,Enchantment Respite 1,806,26.2K,25.0K,96.9%,194,2.2K,194,0.526
988,Avaricious Chalice,114.97M,128.00M,11.43M,10.2%,104,67,67,0.526
989,Enchanted Hard Stone,511,613,94,16.6%,1.29M,19.34M,1.29M,0.526
990,Ritual Residue,2.05M,2.30M,223.0K,10.9%,3.0K,2.2K,2.2K,0.526
991,Sadan Brooch,150,72.0K,70.9K,99.8%,68,92,68,0.525
992,Red Rose,15,39,23,61.0%,316.9K,925.4K,316.9K,0.525
993,Shard Python,172.1K,210.0K,35.2K,18.0%,54.1K,4.4K,4.4K,0.525
994,Prismarine Shard,0,3,3,93.9%,872.9K,8.30M,872.9K,0.525
995,Enchanted String,586,667,73,12.2%,2.99M,13.30M,2.99M,0.525
996,Heavy Pearl,257.9K,278.2K,16.8K,7.3%,85.8K,54.5K,54.5K,0.525
997,Enchantment Ultimate Soul Eater 5,15.11M,17.50M,2.17M,13.7%,989,165,165,0.525
998,Enchantment Ferocious Mana 9,4.36M,17.00M,12.43M,74.4%,4,0,0,0.525
999,Perfect Aquamarine Gem,10.32M,11.38M,923.7K,9.4%,1.5K,785,785,0.525
1000,Flawless Amethyst Gem,2.11M,2.38M,237.0K,11.2%,6.1K,1.9K,1.9K,0.525
1001,Soul String,4.8K,5.4K,556,11.5%,500.9K,962.6K,500.9K,0.525
1002,Enchantment Life Steal 5,6.83M,8.91M,1.97M,23.4%,148,58,58,0.524
1003,Sludge Juice,1.5K,1.7K,99,7.3%,6.30M,13.21M,6.30M,0.524
1004,Jerry Box Blue,103.8K,141.6K,36.1K,26.7%,4.6K,1.8K,1.8K,0.524
1005,Enchantment Ultimate Reiterate 5,18.54M,25.36M,6.51M,26.9%,263,14,14,0.524
1006,Enchanted Ink Sack,91.5K,103.2K,10.4K,11.4%,53.1K,32.3K,32.3K,0.524
1007,Refined Bottle Of Jyrre,2.97M,3.69M,679.4K,19.7%,881,213,213,0.523
1008,Enchantment Lure 6,0,10.0K,9.9K,100.0%,1.2K,383,383,0.523
1009,Moby Duck Collector Edition,6.90M,9.00M,1.99M,23.3%,335,55,55,0.523
1010,Enchantment Quantum 4,112.3K,1.20M,1.07M,90.6%,23,6,6,0.523
1011,Shard Gecko,590.0K,688.1K,89.5K,14.3%,13.6K,2.7K,2.7K,0.523
1012,Enchantment Smarty Pants 5,6.00M,9.28M,3.17M,35.4%,476,15,15,0.523
1013,Enchantment Sunder 3,1.0K,500.0K,492.7K,99.8%,10,19,10,0.523
1014,Shard Blizzard,236.1K,338.0K,97.7K,30.2%,9.5K,523,523,0.523
1015,Shard Revenant,79.3K,96.1K,15.6K,17.5%,14.1K,8.8K,8.8K,0.523
1016,Enchantment Ultimate Last Stand 1,80.9K,98.3K,16.2K,17.8%,8.2K,42.9K,8.2K,0.523
1017,Enchanted Endstone,275,349,69,21.2%,885.6K,3.84M,885.6K,0.522
1018,Pitchin Koi,16.3K,28.9K,12.3K,43.7%,1.7K,2.6K,1.7K,0.522
1019,Enchanted Water Lily,1.6K,2.1K,456,23.2%,128.6K,311.3K,128.6K,0.522
1020,Shard Quake,59.7K,74.0K,13.4K,19.3%,38.2K,8.1K,8.1K,0.522
1021,Enchanted Tender Wood,31.3K,38.0K,6.2K,17.6%,19.8K,26.0K,19.8K,0.522
1022,Shard Wither,600.2K,675.7K,67.1K,11.2%,5.5K,7.8K,5.5K,0.522
1023,Perfect Amber Gem,13.62M,14.60M,793.1K,6.7%,4.1K,1.6K,1.6K,0.522
1024,Enchantment Pristine 2,799.5K,8.00M,7.10M,90.0%,9,1,1,0.522
1025,Enchantment Ultimate First Impression 5,221.0K,338.2K,113.0K,34.7%,2.3K,330,330,0.522
1026,Golden Ball,1.03M,1.30M,259.1K,21.1%,4.2K,420,420,0.522
1027,Blastberry,1.50M,1.68M,155.5K,10.5%,7.9K,2.8K,2.8K,0.522
1028,Enchantment Ice Cold 1,3.58M,3.89M,260.7K,8.0%,3.2K,3.1K,3.1K,0.522
1029,Raw Fish:1,3,8,5,61.8%,1.04M,18.90M,1.04M,0.522
1030,Enchanted Sugar,610,658,39,7.3%,12.80M,59.62M,12.80M,0.521
1031,Derelict Ashe,1.7K,1.9K,195,11.7%,1.09M,21.61M,1.09M,0.521
1032,Superlite Motor,69.2K,83.1K,12.9K,16.8%,10.7K,39.7K,10.7K,0.521
1033,Inferno Apex,12.00M,15.00M,2.81M,20.0%,124,50,50,0.521
1034,Enchanted Gold Block,78.4K,83.1K,3.7K,5.6%,320.4K,384.4K,320.4K,0.521
1035,Foraging Fortune Booster,37.8K,57.6K,19.1K,34.4%,11.2K,1.7K,1.7K,0.521
1036,Enchantment Experience 4,330.0K,600.0K,262.5K,45.0%,2.7K,84,84,0.521
1037,Jacobs Ticket,48.2K,50.2K,1.4K,4.0%,2.13M,1.65M,1.65M,0.521
1038,Enchantment Mana Vampire 5,803.3K,903.7K,89.1K,11.1%,4.0K,4.5K,4.0K,0.521
1039,Water Lily,3,10,6,68.5%,635.2K,20.53M,635.2K,0.521
1040,Enchantment Cubism 6,56.66M,64.00M,6.54M,11.5%,168,69,69,0.520
1041,Enchanted Oak Log,1.3K,1.4K,150,11.7%,1.33M,2.37M,1.33M,0.520
1042,Enchantment Ultimate Crop Fever 3,6.00M,8.88M,2.77M,32.4%,374,18,18,0.520
1043,Enchantment Ultimate Legion 5,30.59M,35.40M,4.37M,13.6%,1.6K,69,69,0.520
1044,Titanium Tesseract,879.1K,1.19M,299.5K,26.3%,3.2K,214,214,0.520
1045,Enchantment Ultimate Flowstate 2,1,32.8K,32.4K,100.0%,109,124,109,0.520
1046,Shard Aero,144.0K,182.7K,36.5K,21.2%,18.7K,2.3K,2.3K,0.520
1047,Enchanted Quartz Block,121.0K,130.0K,7.4K,6.9%,103.4K,140.5K,103.4K,0.520
1048,Beady Eyes,17.6K,26.8K,8.8K,34.2%,3.3K,33.7K,3.3K,0.520
1049,Enchantment Titan Killer 7,10.57M,13.00M,2.27M,18.7%,132,64,64,0.519
1050,Shard Basilisk,148.9K,230.0K,78.2K,35.2%,6.4K,400,400,0.519
1051,Enchantment Ice Cold 3,11.56M,27.90M,16.00M,58.6%,12,0,0,0.519
1052,Enchanted Seeds,421,479,52,12.2%,3.11M,146.07M,3.11M,0.519
1053,Enchantment Compact 1,3.40M,3.94M,489.5K,13.7%,1.1K,504,504,0.519
1054,Rabbit Foot,0,5,5,94.9%,370.8K,2.70M,370.8K,0.519
1055,Shard Salamander,172.1K,210.0K,35.2K,18.0%,34.2K,3.3K,3.3K,0.519
1056,Diamonite,2.03M,2.70M,641.2K,25.0%,1.4K,112,112,0.519
1057,Enchantment Green Thumb 5,34.19M,37.87M,3.21M,9.7%,1.2K,173,173,0.519
1058,Enchantment Projectile Protection 7,1.50M,2.31M,781.1K,35.1%,46,86,46,0.519
1059,Hypergolic Gabagool,4.08M,4.38M,240.0K,6.7%,7.1K,4.1K,4.1K,0.519
1060,Overflowing Trash Can,4.2K,10.0K,5.7K,58.2%,1.6K,10.9K,1.6K,0.519
1061,Golem Poppy,262.2K,296.6K,30.7K,11.6%,8.9K,21.4K,8.9K,0.518
1062,Dwarven Os Ore Oats,0,549,542,99.9%,5.3K,4.5K,4.5K,0.518
1063,Enchantment Turbo Potato 4,101,300.0K,296.1K,100.0%,46,13,13,0.518
1064,Shard Cryo,180.9K,241.1K,57.2K,25.0%,11.1K,1.0K,1.0K,0.518
1065,Enchantment Ultimate Missile 5,50.0K,138.6K,86.8K,63.9%,262,101,101,0.518
1066,Perfect Jasper Gem,28.03M,29.72M,1.31M,5.7%,2.3K,1.2K,1.2K,0.518
1067,Raw Fish:2,6,20,13,66.8%,321.0K,13.47M,321.0K,0.518
1068,Enchantment Dedication 4,33.69M,36.67M,2.52M,8.1%,1.4K,303,303,0.518
1069,Great White Tooth Meal,3.60M,6.74M,3.06M,46.6%,517,7,7,0.518
1070,Fine Amethyst Gem,25.7K,28.2K,2.1K,8.8%,186.0K,258.6K,186.0K,0.518
1071,Enchanted Huge Mushroom 2,243.0K,254.8K,8.7K,4.6%,182.5K,220.9K,182.5K,0.518
1072,Mangrove Log,3,8,5,62.2%,828.6K,112.94M,828.6K,0.517
1073,Meteor Shard,550.0K,1.50M,931.2K,63.3%,154,11,11,0.517
1074,Searing Stone,100.0K,200.0K,97.5K,50.0%,4.4K,145,145,0.517
1075,Enchantment Turbo Potato 5,46.2K,184.6K,136.1K,75.0%,647,46,46,0.517
1076,Enchantment Looting 5,90.57M,99.69M,7.88M,9.2%,185,79,79,0.517
1077,Shellfruit,68.6K,89.7K,20.0K,23.6%,14.9K,2.9K,2.9K,0.517
1078,Shard Verdant,2.0K,2.3K,270,13.0%,537.0K,655.5K,537.0K,0.517
1079,Plasma Bucket,8.70M,9.28M,466.4K,6.3%,4.1K,2.4K,2.4K,0.517
1080,Enchantment Charm 3,4,1000.0K,987.5K,100.0%,4,5,4,0.517
1081,Enchantment Hardened Mana 9,1.84M,9.15M,7.20M,79.9%,2,1,1,0.517
1082,Fine Jasper Gem,62.1K,66.8K,3.9K,7.1%,155.2K,196.9K,155.2K,0.517
1083,Rusty Anchor,1.00M,7.07M,5.99M,85.9%,9,0,0,0.516
1084,Dayswitch,6.2K,100.0K,92.5K,93.8%,119,40,40,0.516
1085,Flawless Aquamarine Gem,1.38M,1.51M,105.7K,8.3%,5.8K,5.2K,5.2K,0.516
1086,Enchanted Carrot Stick,61,50.0K,49.3K,99.9%,70,63,63,0.516
1087,Sponge,30,63,32,52.8%,208.3K,4.47M,208.3K,0.516
1088,Enchantment Blast Protection 7,1.15M,1.84M,664.8K,37.4%,42,107,42,0.516
1089,Shard Bitbug,1.99M,2.32M,301.0K,14.2%,5.0K,637,637,0.516
1090,Enchantment Mana Vampire 8,4.55M,14.42M,9.69M,68.5%,51,0,0,0.516
1091,Enchantment Expertise 1,3.30M,4.00M,647.5K,17.4%,532,204,204,0.516
1092,Rough Amethyst Gem,0,6,5,86.1%,376.0K,174.82M,376.0K,0.516
1093,Shard Grove,141.7K,170.0K,26.2K,16.6%,27.6K,4.4K,4.4K,0.516
1094,Wither Catalyst,1.14M,1.21M,54.3K,5.7%,20.0K,40.3K,20.0K,0.516
1095,Enchantment Respite 4,25,2.00M,1.97M,100.0%,2,2,2,0.516
1096,Hardened Wood,5.0K,120.0K,113.5K,95.8%,297,31,31,0.516
1097,Lushlilac,0,2,2,95.6%,756.5K,8.00M,756.5K,0.516
1098,Eccentric Painting,7.13M,8.06M,826.6K,11.5%,1.1K,377,377,0.516
1099,Enchantment Overload 2,730.0K,1.60M,853.0K,54.5%,37,15,15,0.516
1100,Compost,16.5K,17.2K,506,4.2%,2.88M,3.09M,2.88M,0.516
1101,Enchanted Cactus Green,609,653,36,6.8%,12.09M,50.83M,12.09M,0.515
1102,Huge Mushroom 2,41,234,189,82.3%,15.8K,200.4K,15.8K,0.515
1103,Enchanted Fig Log,1.1K,1.2K,94,9.2%,2.68M,18.58M,2.68M,0.515
1104,Bejeweled Handle,163.4K,181.4K,15.8K,9.9%,23.2K,19.8K,19.8K,0.515
1105,Enchantment Ultimate Chimera 2,52.56M,77.26M,23.73M,32.0%,17,2,2,0.515
1106,Shard Lapis Creeper,125.0K,157.5K,30.5K,20.6%,8.6K,2.4K,2.4K,0.515
1107,Enchantment Rejuvenate 1,14.0K,17.0K,2.9K,18.0%,28.0K,173.2K,28.0K,0.515
1108,Fourth Master Star,61.50M,64.83M,2.51M,5.1%,1.0K,683,683,0.515
1109,Perfect Topaz Gem,13.06M,14.02M,781.8K,6.8%,2.2K,1.1K,1.1K,0.515
1110,Shard Hideonring,990.8K,1.10M,95.5K,9.9%,29.6K,3.7K,3.7K,0.515
1111,Flawed Amethyst Gem,293,779,475,62.3%,11.6K,11.18M,11.6K,0.515
1112,Arachne Fragment,24.0K,28.0K,3.7K,14.5%,34.4K,49.9K,34.4K,0.515
1113,Spotlite,27.00M,33.00M,5.59M,18.2%,121,24,24,0.515
1114,Enchantment Charm 2,0,900.0K,888.7K,100.0%,14,4,4,0.515
1115,Daedalus Stick,892.9K,1.26M,348.9K,29.0%,163,121,121,0.515
1116,Enchanted Wool,251,311,56,19.3%,922.3K,9.64M,922.3K,0.515
1117,Lesser Soulflow Engine,1.18M,1.45M,256.5K,18.9%,594,385,385,0.515
1118,Giant Witch Cauldron,150.00M,211.96M,59.32M,29.2%,2,1,1,0.515
1119,Blaze Wax,151.8K,269.3K,114.2K,43.6%,4.9K,145,145,0.514
1120,Green Candy,1.5K,1.7K,143,9.7%,1.58M,4.33M,1.58M,0.514
1121,Enchantment Experience 5,23.00M,30.00M,6.62M,23.3%,142,12,12,0.514
1122,Shard Cuboa,200.0K,250.0K,46.9K,20.0%,21.7K,1.6K,1.6K,0.514
1123,Shard Flare,28.0K,31.0K,2.6K,9.6%,108.7K,259.2K,108.7K,0.514
1124,Wooden Bait,75.0K,86.8K,10.7K,13.6%,14.3K,14.0K,14.0K,0.514
1125,Agatha Coupon,10.0K,10.7K,540,6.3%,1.07M,2.43M,1.07M,0.514
1126,Enchantment Mana Vampire 7,2.57M,5.75M,3.11M,55.3%,185,4,4,0.514
1127,Enchantment Toxophilite 1,3.34M,4.00M,615.0K,16.6%,584,211,211,0.513
1128,Enchantment Forest Pledge 5,1.30M,1.68M,361.3K,22.7%,3.9K,180,180,0.513
1129,Shard Fenlord,166.3K,250.0K,80.6K,33.5%,7.6K,326,326,0.513
1130,Presumed Gallon Of Red Paint,784.6K,1.74M,937.8K,55.0%,160,12,12,0.513
1131,Shard Stalagmight,459.5K,534.8K,68.7K,14.1%,10.0K,2.2K,2.2K,0.513
1132,Concentrated Stone,300.4K,335.1K,30.5K,10.4%,8.8K,10.4K,8.8K,0.513
1133,Enchantment Ultimate No Pain No Gain 5,1.0K,200.0K,196.5K,99.5%,48,15,15,0.513
1134,Medium Witch Cauldron,28.60M,38.86M,9.77M,26.4%,6,7,6,0.513
1135,Second Master Star,17.55M,18.68M,894.3K,6.0%,2.6K,1.1K,1.1K,0.512
1136,Glossy Gemstone,1.41M,1.49M,60.7K,5.3%,47.2K,17.9K,17.9K,0.512
1137,Enchantment Champion 1,3.48M,4.04M,504.9K,13.8%,1.7K,352,352,0.512
1138,Livid Fragment,111.2K,123.5K,10.7K,9.9%,24.7K,32.9K,24.7K,0.512
1139,Chloronite,372.8K,440.0K,61.7K,15.3%,14.8K,2.0K,2.0K,0.512
1140,Spirit Wing,2.65M,2.92M,232.1K,9.2%,1.6K,2.0K,1.6K,0.512
1141,Bachelor Rose,793.8K,949.9K,144.3K,16.4%,10.1K,762,762,0.512
1142,Crude Gabagool,251,384,128,34.7%,112.3K,6.00M,112.3K,0.512
1143,Omega Egg,33.3K,55.4K,21.4K,39.9%,726,4.5K,726,0.511
1144,Enchantment Quick Bite 4,20.00M,38.00M,17.52M,47.4%,6,1,1,0.511
1145,Enchantment Respiration 4,3.24M,4.36M,1.07M,25.9%,508,46,46,0.511
1146,Pyroclastic Scale,1,69,67,98.6%,23.4K,385.7K,23.4K,0.511
1147,Rough Sapphire Gem,1,5,3,76.1%,584.4K,233.98M,584.4K,0.511
1148,Enchanted Diamond,1.2K,1.3K,66,6.3%,6.77M,28.62M,6.77M,0.511
1149,Old Leather Boot,181.2K,223.5K,39.6K,19.0%,1.8K,2.9K,1.8K,0.511
1150,Enchantment Ultimate Combo 4,1.3K,160.7K,157.4K,99.2%,29,17,17,0.511
1151,Molten Cube,310,24.9K,24.3K,98.8%,97,236,97,0.511
1152,Architect First Draft,61.8K,71.0K,8.3K,12.9%,16.9K,17.1K,16.9K,0.511
1153,Polarvoid Book,2.51M,2.94M,395.1K,14.7%,1.8K,360,360,0.511
1154,Rock Candy,60.0K,75.0K,14.1K,20.0%,4.2K,4.6K,4.2K,0.510
1155,Enchantment Corruption 5,26.0K,151.7K,123.8K,82.9%,429,30,30,0.510
1156,Exp Bottle,10,31,21,68.4%,317.6K,136.9K,136.9K,0.510
1157,Tungsten Plate,14.25M,15.16M,724.3K,6.0%,3.7K,1.2K,1.2K,0.510
1158,Great White Shark Tooth,1.33M,1.50M,147.4K,11.1%,6.8K,1.6K,1.6K,0.510
1159,Enchantment Prosecute 6,75.66M,84.00M,7.29M,9.9%,158,52,52,0.510
1160,Enchanted Golden Carrot,77.9K,81.5K,2.6K,4.4%,891.2K,443.7K,443.7K,0.510
1161,Jalapeno Book,17.00M,22.53M,5.24M,24.5%,43,11,11,0.510
1162,Enchanted Pork,1.3K,1.5K,111,8.9%,1.92M,5.30M,1.92M,0.509
1163,Enchantment Ultimate Reiterate 1,1.19M,1.30M,92.3K,8.4%,4.2K,4.3K,4.2K,0.509
1164,Enchantment Ferocious Mana 7,600.0K,4.74M,4.08M,87.3%,196,1,1,0.509
1165,Subzero Inverter,2.26M,2.75M,457.2K,17.9%,198,374,198,0.509
1166,Divan Powder Coating,52.33M,57.58M,4.53M,9.1%,534,93,93,0.509
1167,Magma Bucket,2.90M,3.13M,186.9K,7.2%,3.4K,2.9K,2.9K,0.509
1168,Enchanted Obsidian,2.2K,2.3K,121,6.5%,3.31M,10.82M,3.31M,0.509
1169,Enchantment Big Brain 3,16.00M,24.99M,8.68M,36.0%,90,3,3,0.509
1170,Generator Upgrade Stone Fishing 12,19.89M,26.67M,6.45M,25.4%,117,8,8,0.509
1171,Kuudra Mandible,484.8K,619.8K,127.3K,21.8%,420,1.2K,420,0.509
1172,Treasurite,70.1K,75.3K,4.3K,7.0%,99.4K,139.3K,99.4K,0.508
1173,Raw Fish:3,8,17,8,52.9%,484.5K,13.64M,484.5K,0.508
1174,Healing Tissue,6.0K,8.5K,2.4K,29.8%,8.5K,37.6K,8.5K,0.508
1175,Cropshot Garden Chip,672.9K,760.0K,77.6K,11.5%,26.5K,2.4K,2.4K,0.507
1176,Flawless Citrine Gem,1.30M,1.40M,87.7K,7.5%,5.2K,5.0K,5.0K,0.507
1177,Enchanted Shark Fin,40.7K,50.2K,8.9K,19.0%,11.3K,6.2K,6.2K,0.507
1178,Fuel Tank,216.0K,249.9K,30.9K,13.6%,7.0K,3.8K,3.8K,0.507
1179,Enchantment Vicious 3,14.79M,20.00M,4.96M,26.0%,85,9,9,0.507
1180,Shark Water Orb,930.0K,3.50M,2.53M,73.4%,70,2,2,0.507
1181,Generator Upgrade Stone Tarantula 12,14.80M,28.50M,13.34M,48.1%,26,0,0,0.506
1182,Enchantment Turbo Cactus 4,1.0K,286.0K,281.4K,99.7%,18,8,8,0.506
1183,Enchantment Charm 5,472.1K,1.17M,685.4K,59.7%,502,10,10,0.506
1184,Flawless Amber Gem,2.39M,2.54M,123.4K,6.1%,8.0K,5.3K,5.3K,0.506
1185,Enchantment Ultimate Habanero Tactics 4,110.51M,119.05M,7.05M,7.2%,735,88,88,0.506
1186,Enchanted Umber,15.6K,16.7K,890,6.6%,432.6K,3.01M,432.6K,0.506
1187,Enchantment Overload 1,574.7K,636.2K,53.6K,9.7%,4.4K,15.4K,4.4K,0.506
1188,Great Carrot Candy,175.0K,207.6K,30.0K,15.7%,15.1K,2.7K,2.7K,0.505
1189,Enchantment Turbo Cane 5,89.2K,350.7K,257.1K,74.6%,609,15,15,0.505
1190,Enchantment Critical 7,86.83M,94.88M,6.86M,8.5%,196,61,61,0.505
1191,Enchanted Sugar Cane,101.1K,105.5K,3.1K,4.2%,533.8K,332.6K,332.6K,0.505
1192,Compacted Sunflower,100.2K,104.4K,2.9K,4.0%,476.2K,394.9K,394.9K,0.505
1193,Clipped Wings,17.6K,25.6K,7.7K,31.3%,2.3K,14.0K,2.3K,0.505
1194,Capsaicin Eyedrops No Charges,1.23M,1.50M,249.7K,17.9%,2.3K,281,281,0.505
1195,Tarantula Web,1.6K,1.8K,138,9.0%,1.17M,27.23M,1.17M,0.504
1196,Magma Fish Gold,537.1K,587.1K,42.6K,8.5%,20.1K,6.4K,6.4K,0.504
1197,Flawed Aquamarine Gem,284,499,208,43.1%,31.5K,10.98M,31.5K,0.503
1198,Hemoglass,17.0K,18.5K,1.2K,8.0%,190.5K,394.4K,190.5K,0.503
1199,Enchantment Respite 2,3,100.0K,98.7K,100.0%,18,26,18,0.503
1200,Titanoboa Shed,120.90M,138.00M,15.37M,12.4%,15,12,12,0.503
1201,Rough Citrine Gem,1,7,5,85.8%,204.6K,99.58M,204.6K,0.503
1202,Shard Ananke,929.3K,1.20M,256.8K,22.6%,2.5K,155,155,0.503
1203,Enchantment Ultimate Combo 3,0,75.0K,74.1K,100.0%,43,23,23,0.502
1204,Shadow Warp Scroll,213.45M,220.62M,4.41M,3.2%,665,584,584,0.502
1205,Enchanted Coal Block,27.0K,29.4K,2.1K,8.3%,105.7K,161.4K,105.7K,0.502
1206,Enchanted Redstone Block,24.9K,26.4K,1.2K,5.8%,353.5K,795.3K,353.5K,0.502
1207,Magma Lord Fragment,4.31M,4.62M,249.1K,6.6%,3.2K,1.9K,1.9K,0.501
1208,Oceandy,263,4.7K,4.3K,94.3%,4.2K,344,344,0.501
1209,Enchanted Packed Ice,36.9K,39.5K,2.1K,6.6%,158.7K,204.2K,158.7K,0.501
1210,Small Enchanted Chest,200,807,596,75.2%,3.4K,3.5K,3.4K,0.501
1211,Salt Cube,18.0K,79.7K,60.7K,77.4%,319,44,44,0.501
1212,Enchantment Mana Steal 1,10.1K,15.5K,5.2K,35.0%,2.2K,21.9K,2.2K,0.501
1213,Flawed Topaz Gem,334,727,383,54.0%,10.1K,10.11M,10.1K,0.501
1214,Enchanted Iron Block,49.6K,53.0K,2.7K,6.4%,126.9K,214.0K,126.9K,0.501
1215,Enchanted Cooked Rabbit,99.0K,108.9K,8.5K,9.1%,21.4K,37.6K,21.4K,0.500
1216,Blessed Fruit,870.8K,1.08M,192.6K,19.1%,4.4K,256,256,0.500
1217,Fighting Booster,851.1K,1.20M,329.7K,28.8%,1.2K,67,67,0.500
1218,Enchanted Potato,452,479,21,5.7%,14.28M,201.22M,14.28M,0.500
1219,Wriggling Larva,239.1K,268.3K,25.8K,10.9%,5.2K,7.6K,5.2K,0.500
1220,Diamond,5,7,2,29.2%,4.17M,147.34M,4.17M,0.500
1221,Shard Chameleon,1.87M,1.96M,68.5K,4.7%,12.4K,11.3K,11.3K,0.499
1222,Golden Tooth,158.8K,173.0K,12.1K,8.2%,128.1K,18.0K,18.0K,0.499
1223,Undead Catalyst,637,2.3K,1.6K,72.3%,1.3K,16.1K,1.3K,0.499
1224,Tool Exp Capsule,97.3K,102.4K,3.8K,5.0%,146.5K,427.4K,146.5K,0.499
1225,Mite Gel,1.9K,2.2K,309,15.1%,151.3K,731.2K,151.3K,0.498
1226,Enchantment Infinite Quiver 8,2.7K,40.0K,36.8K,93.2%,42,188,42,0.498
1227,The Art Of War,8.34M,8.81M,354.4K,5.3%,2.7K,1.9K,1.9K,0.498
1228,Enchanted Sunflower,611,654,34,6.6%,6.20M,84.38M,6.20M,0.498
1229,Flawed Jade Gem,305,503,191,39.2%,32.4K,13.03M,32.4K,0.498
1230,Sil Ex,2.82M,3.19M,340.1K,11.9%,3.1K,352,352,0.497
1231,Null Atom,31.3K,40.0K,8.2K,21.9%,3.2K,29.2K,3.2K,0.497
1232,Enchantment Turbo Carrot 5,330.3K,557.4K,220.2K,40.8%,538,42,42,0.497
1233,Enchanted Wild Rose,611,660,40,7.4%,4.06M,86.83M,4.06M,0.497
1234,Sulphur Ore,4,10,6,61.7%,288.1K,10.88M,288.1K,0.497
1235,Enchantment Turbo Rose 4,468.1K,2.95M,2.44M,84.1%,26,1,1,0.497
1236,Scarf Fragment,8.1K,10.3K,2.0K,20.7%,13.1K,56.3K,13.1K,0.497
1237,Power Crystal,503.5K,594.4K,83.4K,15.3%,8.0K,758,758,0.497
1238,Zombud,65.8K,72.2K,5.5K,8.9%,27.2K,37.9K,27.2K,0.496
1239,Shard Sphinx,61.7K,76.9K,14.2K,19.7%,16.8K,2.2K,2.2K,0.495
1240,Soul Fragment,346.6K,378.2K,26.8K,8.3%,10.0K,6.9K,6.9K,0.495
1241,Essence Ice,1.9K,2.0K,81,5.4%,3.65M,8.09M,3.65M,0.494
1242,Leather Cloth,45.7K,51.5K,5.1K,11.2%,17.1K,26.3K,17.1K,0.494
1243,Enchanted Baked Potato,73.9K,76.2K,1.3K,3.0%,872.9K,990.2K,872.9K,0.494
1244,Squash,73.8K,77.2K,2.4K,4.4%,234.1K,422.2K,234.1K,0.494
1245,Bayou Water Orb,7.93M,11.50M,3.42M,31.0%,71,5,5,0.494
1246,Wet Water,100,1.3K,1.2K,92.4%,858,42.1K,858,0.494
1247,Jaderald,3.00M,3.20M,164.9K,6.4%,4.0K,2.1K,2.1K,0.494
1248,Enchantment Snipe 4,39.82M,44.32M,3.95M,10.2%,113,43,43,0.494
1249,Enchantment Ultimate Flash 5,69.00M,95.00M,24.81M,27.4%,31,0,0,0.494
1250,Enchanted Coal,1.5K,1.6K,72,5.7%,3.41M,39.82M,3.41M,0.493
1251,Enchantment Turbo Coco 4,1,207.0K,204.4K,100.0%,34,6,6,0.493
1252,Dungeon Trap,200,508,302,60.6%,7.1K,519.8K,7.1K,0.493
1253,Shard King Cobra,168.5K,190.0K,19.1K,11.3%,38.9K,4.7K,4.7K,0.493
1254,Perfect Citrine Gem,10.00M,10.64M,506.7K,6.0%,1.5K,811,811,0.493
1255,Compacted Wild Rose,100.0K,103.5K,2.2K,3.4%,435.0K,411.2K,411.2K,0.493
1256,Fire In A Bottle,88.8K,105.0K,14.9K,15.4%,3.1K,9.9K,3.1K,0.493
1257,First Master Star,11.38M,11.91M,376.3K,4.4%,3.2K,1.9K,1.9K,0.492
1258,Enchantment Scuba 1,52.3K,300.0K,243.9K,82.6%,782,7,7,0.492
1259,Bobbin Scriptures,211.4K,267.8K,53.0K,21.0%,465,973,465,0.491
1260,Flawless Jasper Gem,5.19M,5.45M,197.6K,4.9%,11.4K,2.7K,2.7K,0.491
1261,Young Fragment,7.8K,8.4K,504,7.2%,308.9K,795.3K,308.9K,0.491
1262,Enchantment Turbo Moonflower 4,1.74M,5.00M,3.20M,65.2%,17,1,1,0.491
1263,Spirit Bone,3.69M,3.90M,162.6K,5.4%,2.9K,2.5K,2.5K,0.490
1264,Shard Titanoboa,310.4K,374.5K,59.5K,17.1%,6.7K,599,599,0.490
1265,Rock Gemstone,4.25M,5.37M,1.05M,20.8%,669,28,28,0.490
1266,Rough Onyx Gem,0,4,4,91.8%,129.4K,97.71M,129.4K,0.490
1267,Heavy Gabagool,287.4K,355.6K,63.7K,19.2%,4.2K,440,440,0.489
1268,Shard Alligator,316.0K,369.4K,48.8K,14.5%,7.9K,1.0K,1.0K,0.489
1269,Enchantment Ultimate Rend 3,100.0K,1.47M,1.35M,93.2%,0,3,0,0.489
1270,Enchantment Pristine 5,18.40M,23.00M,4.31M,20.0%,320,8,8,0.489
1271,Ultimate Carrot Candy,2.45M,2.62M,145.3K,6.8%,22.8K,1.7K,1.7K,0.489
1272,Unstable Fragment,7.8K,8.4K,484,7.0%,299.8K,656.3K,299.8K,0.488
1273,Enchanted Ender Pearl,319,368,44,13.3%,743.1K,9.18M,743.1K,0.488
1274,Shard Hideongeon,1.66M,1.82M,141.1K,9.0%,8.8K,897,897,0.487
1275,Very Crude Gabagool,47.5K,49.6K,1.5K,4.3%,283.6K,558.8K,283.6K,0.487
1276,Umber Key,3.23M,3.37M,100.1K,4.2%,18.8K,5.8K,5.8K,0.487
1277,Enchantment Quick Bite 5,45.50M,57.00M,10.79M,20.2%,105,3,3,0.487
1278,Endstone Idol,46.99M,51.00M,3.37M,7.9%,168,61,61,0.487
1279,Wood Singularity,3.90M,4.40M,444.3K,11.3%,594,187,187,0.487
1280,Worm Membrane,51.6K,54.0K,1.7K,4.4%,223.3K,448.9K,223.3K,0.486
1281,Enchantment Tabasco 3,7.78M,9.12M,1.22M,14.7%,511,42,42,0.486
1282,Enchantment Turbo Coco 3,25.0K,141.1K,114.3K,82.3%,60,11,11,0.486
1283,Enchanted Blaze Rod,242.6K,254.5K,8.7K,4.7%,43.5K,58.9K,43.5K,0.486
1284,Flawed Amber Gem,350,440,84,20.5%,153.4K,12.00M,153.4K,0.486
1285,Shriveled Cornea,59.38M,75.00M,14.68M,20.8%,79,2,2,0.486
1286,Enchantment Ultimate Last Stand 3,383.3K,548.4K,158.2K,30.1%,184,63,63,0.486
1287,Enchantment Turbo Sunflower 4,1.99M,5.00M,2.95M,60.2%,21,0,0,0.485
1288,Shard Beaconmite,210.0K,240.0K,27.0K,12.5%,8.6K,2.0K,2.0K,0.485
1289,Enchanted Cookie,74.8K,77.8K,2.1K,3.9%,491.3K,233.5K,233.5K,0.485
1290,Timestalk,1.88M,2.04M,134.7K,7.9%,1.1K,2.1K,1.1K,0.485
1291,Shard Ghost,13.1K,13.8K,537,5.1%,450.7K,586.6K,450.7K,0.485
1292,Enchanted Nether Stalk,612,645,24,5.1%,7.94M,171.78M,7.94M,0.485
1293,Chili Pepper,112.2K,116.7K,3.0K,3.8%,295.8K,162.2K,162.2K,0.484
1294,Enchantment Strong Mana 10,72.20M,94.90M,21.52M,23.9%,70,1,1,0.484
1295,Cropie,24.2K,25.2K,665,3.9%,620.4K,1.21M,620.4K,0.484
1296,Enchantment Power 7,88.09M,93.71M,4.45M,6.0%,187,71,71,0.483
1297,Enchantment Reflection 5,6.50M,7.65M,1.05M,15.0%,507,41,41,0.483
1298,Ftx 3070,120.0K,131.1K,9.5K,8.5%,10.6K,32.1K,10.6K,0.483
1299,Purple Candy,19.5K,20.3K,497,3.7%,883.6K,1.49M,883.6K,0.483
1300,Shard Heron,151.0K,182.8K,29.5K,17.4%,21.6K,808,808,0.483
1301,Refined Titanium,500.0K,519.1K,12.6K,3.7%,65.2K,43.5K,43.5K,0.483
1302,Shard Inferno Koi,165.3K,189.0K,21.4K,12.6%,6.3K,2.1K,2.1K,0.482
1303,Colossal Exp Bottle,1.70M,1.80M,81.1K,5.8%,8.1K,3.0K,3.0K,0.482
1304,Enchantment Hardened Mana 2,9.8K,25.0K,14.9K,61.0%,111,318,111,0.482
1305,Enchanted Glowstone,50.1K,52.9K,2.1K,5.3%,101.7K,144.2K,101.7K,0.481
1306,Foraging Wisdom Booster,24.1K,27.5K,3.1K,12.4%,12.6K,59.8K,12.6K,0.481
1307,Radioactive Vial,56.57M,60.97M,3.63M,7.2%,116,53,53,0.481
1308,Enchantment Ultimate Legion 1,1.99M,2.06M,46.4K,3.5%,13.4K,42.6K,13.4K,0.481
1309,Magma Fish Silver,6.4K,6.9K,379,6.7%,299.1K,1.31M,299.1K,0.481
1310,Enchantment Hardened Mana 10,9.00M,15.00M,5.81M,40.0%,78,1,1,0.481
1311,Shard Megalith,176.2K,197.0K,18.3K,10.6%,30.0K,3.2K,3.2K,0.481
1312,Alligator Skin,401.1K,425.3K,18.9K,5.7%,11.1K,25.8K,11.1K,0.481
1313,Umber,90,226,133,60.1%,8.6K,107.81M,8.6K,0.480
1314,Synthetic Heart,260.0K,278.2K,14.7K,6.5%,10.2K,31.0K,10.2K,0.480
1315,Enchantment Ultimate Bobbin Time 3,38.77M,47.00M,7.65M,17.5%,220,4,4,0.480
1316,Flycatcher Upgrade,28.21M,29.42M,845.1K,4.1%,603,790,603,0.480
1317,Enchanted Fermented Spider Eye,70.0K,74.5K,3.6K,6.0%,65.8K,43.3K,43.3K,0.479
1318,Null Edge,346.5K,449.5K,97.4K,22.9%,3.5K,127,127,0.479
1319,Shard Fungloom,143.0K,190.0K,44.6K,24.7%,9.6K,224,224,0.479
1320,Amber Material,1.98M,2.60M,590.3K,23.9%,120,21,21,0.478
1321,Glowstone Dust Distillate,2.8K,12.6K,9.7K,78.0%,82,2.9K,82,0.477
1322,Enchantment Turbo Sunflower 5,6.43M,7.79M,1.26M,17.5%,367,19,19,0.477
1323,Highlite,1.30M,1.40M,82.5K,7.1%,1.5K,2.0K,1.5K,0.477
1324,Flint,5,10,4,48.0%,264.1K,4.14M,264.1K,0.477
1325,Enchantment Turbo Cactus 2,5,20.0K,19.7K,100.0%,25,42,25,0.477
1326,Fly Swatter,475.5K,550.0K,67.7K,13.6%,476,1.3K,476,0.477
1327,Enchantment Quick Bite 1,3.17M,3.76M,538.9K,15.6%,1.1K,51,51,0.476
1328,Enchanted Pufferfish,2.3K,2.5K,165,8.0%,369.6K,4.08M,369.6K,0.476
1329,Flawed Opal Gem,176,494,311,64.4%,2.8K,4.54M,2.8K,0.476
1330,Enchantment Tabasco 2,3.34M,6.43M,3.01M,48.0%,16,0,0,0.476
1331,Enchantment Small Brain 3,3.09M,4.50M,1.35M,31.3%,5,28,5,0.475
1332,Enchantment Counter Strike 5,31.60M,42.90M,10.77M,26.4%,56,0,0,0.474
1333,Griffin Upgrade Stone Rare,5.20M,8.00M,2.70M,35.0%,4,2,2,0.474
1334,Refined Tungsten,2.89M,2.98M,54.7K,3.1%,11.4K,10.8K,10.8K,0.474
1335,Poisonous Potato,2,15,12,84.4%,28.6K,714.0K,28.6K,0.474
1336,Jungle Heart,89.1K,101.7K,11.3K,12.4%,2.6K,8.9K,2.6K,0.473
1337,Crystal Fragment,112.0K,119.0K,5.5K,5.9%,22.9K,94.7K,22.9K,0.473
1338,Perfect Ruby Gem,10.22M,10.93M,575.3K,6.5%,560,246,246,0.473
1339,Rarefinder Garden Chip,986.0K,1.02M,23.1K,3.5%,17.2K,29.7K,17.2K,0.472
1340,Enchantment Strong Mana 1,177.0K,214.0K,34.3K,17.3%,446,787,446,0.472
1341,Rough Aquamarine Gem,0,16,15,97.5%,15.8K,109.91M,15.8K,0.471
1342,Perfect Amethyst Gem,12.50M,13.33M,665.7K,6.2%,622,217,217,0.471
1343,Rough Opal Gem,1,5,3,68.7%,116.3K,14.29M,116.3K,0.470
1344,Robotron Reflector,227.3K,241.9K,11.5K,6.0%,9.6K,30.7K,9.6K,0.470
1345,Poison Sample,639.8K,682.4K,34.1K,6.2%,3.1K,3.9K,3.1K,0.469
1346,Yellow Flower,146,159,10,7.8%,3.47M,12.96M,3.47M,0.468
1347,Enchanted Rabbit Hide,720,792,62,9.2%,471.5K,3.01M,471.5K,0.468
1348,Overclocker 3000,240.8K,251.4K,7.5K,4.2%,27.3K,169.4K,27.3K,0.468
1349,Umber Plate,13.93M,14.44M,332.5K,3.6%,3.6K,1.1K,1.1K,0.467
1350,Figstone,175.8K,183.0K,4.9K,3.9%,74.3K,46.2K,46.2K,0.467
1351,Broken Radar,759.7K,798.0K,28.4K,4.8%,5.8K,6.3K,5.8K,0.467
1352,Rough Jasper Gem,6,27,20,76.5%,16.2K,45.28M,16.2K,0.466
1353,Enchantment Vampirism 6,1.20M,1.28M,67.0K,6.5%,1.8K,1.4K,1.4K,0.466
1354,Shard Dodo,1.11M,1.29M,160.8K,13.7%,2.6K,123,123,0.465
1355,Enchantment Ultimate Crop Fever 5,27.90M,29.46M,1.19M,5.3%,2.0K,130,130,0.464
1356,Enchantment Ultimate Flash 1,5.27M,5.55M,209.0K,5.0%,1.3K,715,715,0.463
1357,Null Ovoid,145.4K,152.3K,5.0K,4.5%,246.7K,26.8K,26.8K,0.462
1358,Flawless Jade Gem,2.24M,2.32M,52.4K,3.5%,6.7K,4.9K,4.9K,0.461
1359,Flawed Jasper Gem,786,1.0K,226,23.3%,15.7K,5.97M,15.7K,0.461
1360,Enchanted Huge Mushroom 1,249.3K,255.0K,2.5K,2.2%,222.5K,199.2K,199.2K,0.460
1361,Absolute Ender Pearl,12.5K,13.3K,594,5.7%,108.8K,383.0K,108.8K,0.460
1362,Enchantment Sharpness 7,90.00M,94.03M,2.85M,4.3%,194,74,74,0.460
1363,Tungsten,76,134,56,43.4%,13.1K,110.44M,13.1K,0.457
1364,Enchantment Scuba 5,2.30M,2.78M,445.2K,17.3%,944,18,18,0.454
1365,Rough Amber Gem,2,3,1,45.9%,254.2K,125.16M,254.2K,0.453
1366,Flexbone,571.0K,590.0K,11.6K,3.2%,22.0K,16.3K,16.3K,0.453
1367,Divan Fragment,572.6K,593.8K,13.8K,3.6%,11.1K,11.4K,11.1K,0.453
1368,Enchantment Big Brain 5,70.00M,82.90M,11.86M,15.6%,61,0,0,0.452
1369,Enchanted Cooked Fish,146.6K,152.1K,3.6K,3.6%,33.4K,132.0K,33.4K,0.450
1370,Refined Mithril,463.9K,474.9K,5.1K,2.3%,85.1K,59.4K,59.4K,0.450
1371,Dark Candy,69.0K,74.5K,4.5K,7.3%,5.8K,22.8K,5.8K,0.448
1372,Skeleton Key,35.51M,36.34M,371.1K,2.3%,6.8K,1.0K,1.0K,0.447
1373,Refined Diamond,606.4K,622.1K,7.8K,2.5%,49.7K,29.8K,29.8K,0.447
1374,Perfect Plate,34.08M,35.68M,1.15M,4.5%,492,88,88,0.447
1375,Shard Terra,227.5K,267.0K,36.2K,14.8%,8.3K,185,185,0.447
1376,Enchantment Ultimate Crop Fever 1,1.74M,1.83M,67.2K,4.9%,8.2K,954,954,0.445
1377,Gemstone Mixture,1.23M,1.26M,13.9K,2.3%,36.2K,18.7K,18.7K,0.445
1378,Flawed Onyx Gem,285,397,107,28.2%,9.9K,10.92M,9.9K,0.444
1379,Tarantula Silk,273.0K,278.7K,2.2K,2.0%,261.3K,129.6K,129.6K,0.443
1380,Mimic Fragment,1.0K,1.4K,360,27.4%,3.2K,116.2K,3.2K,0.443
1381,Inferno Fuel Block,50.1K,52.0K,1.3K,3.7%,88.5K,57.6K,57.6K,0.441
1382,Hypergolic Ionized Ceramics,2.9K,3.7K,785,22.3%,2.1K,17.6K,2.1K,0.440
1383,Enchanted Clownfish,3.0K,3.2K,169,6.5%,108.6K,1.42M,108.6K,0.440
1384,Refined Umber,2.85M,2.91M,24.3K,2.1%,10.8K,11.7K,10.8K,0.439
1385,Enchanted Emerald Block,102.2K,106.0K,2.5K,3.6%,27.1K,60.1K,27.1K,0.437
1386,Fine Citrine Gem,25.4K,26.2K,484,3.1%,166.0K,485.9K,166.0K,0.437
1387,Enchanted Vinesap,220.0K,231.6K,8.7K,5.0%,15.2K,4.2K,4.2K,0.437
1388,Enchanted Cactus,100.1K,102.3K,958,2.2%,214.2K,174.5K,174.5K,0.436
1389,Ice Bait,0,0,0,20.0%,1.02M,998.3K,998.3K,0.434
1390,Mithril Infusion,3.86M,4.02M,106.7K,3.9%,3.0K,594,594,0.434
1391,Enchanted Mycelium Cube,126.3K,131.3K,3.3K,3.8%,14.9K,20.7K,14.9K,0.433
1392,Enchanted Melon,307,317,6,3.1%,7.38M,283.60M,7.38M,0.432
1393,Evergreen Garden Chip,146.9K,151.6K,2.8K,3.1%,24.8K,24.4K,24.4K,0.431
1394,Glacite,9,10,1,14.8%,1.07M,330.18M,1.07M,0.430
1395,Flawed Citrine Gem,284,319,31,11.0%,105.1K,10.69M,105.1K,0.428
1396,Box Of Seeds,75.4K,76.7K,372,1.7%,483.7K,450.3K,450.3K,0.427
1397,Pet Item Vampire Fang,464.7K,502.0K,31.1K,7.4%,350,1.2K,350,0.426
1398,Goblin Egg Blue,1.10M,1.13M,19.2K,2.9%,3.6K,12.4K,3.6K,0.426
1399,Enchantment Cayenne 5,15.00M,17.94M,2.72M,16.4%,339,0,0,0.424
1400,Shard Tiamat,225.0K,237.0K,9.0K,5.1%,17.1K,2.2K,2.2K,0.424
1401,Enchanted Tungsten,16.9K,17.3K,189,2.3%,374.1K,2.91M,374.1K,0.423
1402,Enchanted Hay Bale,150.4K,152.9K,584,1.6%,275.5K,376.1K,275.5K,0.423
1403,Enchantment Hardened Mana 1,28.3K,34.8K,6.1K,18.7%,208,782,208,0.423
1404,Drill Engine,3.12M,3.21M,41.3K,2.5%,5.2K,1.9K,1.9K,0.420
1405,Whipped Magma Cream,200.2K,205.4K,2.6K,2.5%,24.9K,81.9K,24.9K,0.419
1406,Shard Hideonsack,890.0K,929.0K,27.4K,4.2%,3.5K,774,774,0.415
1407,Synthesis Garden Chip,146.0K,149.9K,2.1K,2.6%,19.9K,22.5K,19.9K,0.413
1408,Enchantment Divine Gift 3,99.00M,105.00M,4.69M,5.7%,37,3,3,0.412
1409,Enchanted Cooked Salmon,248.5K,256.0K,4.3K,2.9%,6.6K,42.1K,6.6K,0.408
1410,Enchanted Cooked Mutton,125.7K,128.5K,1.2K,2.2%,35.7K,155.7K,35.7K,0.406
1411,Enchantment Divine Gift 1,24.50M,25.93M,1.11M,5.5%,118,8,8,0.402
1412,The Art Of Peace,49.60M,51.40M,1.16M,3.5%,305,18,18,0.401
1413,Dark Queens Soul Drop,5.0K,5.4K,367,8.0%,5.7K,20.2K,5.7K,0.400
1414,Enchanted Wet Sponge,77.7K,80.0K,1.2K,2.8%,15.6K,94.7K,15.6K,0.399
1415,Fine Aquamarine Gem,25.4K,25.9K,218,2.1%,119.8K,497.9K,119.8K,0.395
1416,Enchanted Bone Block,51.3K,53.5K,1.4K,4.0%,5.2K,22.2K,5.2K,0.394
1417,Enchanted Clay Block,75.5K,76.6K,174,1.5%,274.1K,1.81M,274.1K,0.393
1418,Enchanted Sulphur Cube,251.5K,255.2K,494,1.4%,50.4K,269.9K,50.4K,0.376
1419,Enchanted Pumpkin,1.6K,1.6K,0,1.3%,13.34M,39.32M,13.34M,0.366
1420,Enchantment Feather Falling 6,0,1,0,40.0%,10.2K,41.7K,10.2K,0.364
1421,Enchantment Ultimate Combo 2,0,1,1,94.7%,565,1.9K,565,0.351
1422,Enchanted Prismarine Crystals,403,408,0,1.3%,70.8K,2.11M,70.8K,0.251
1423,Enchanted Prismarine Shard,406,412,0,1.4%,48.2K,2.35M,48.2K,0.245
